player,player_id,position,team_name,player_game_count,avg_depth_of_target,avoided_tackles,caught_percent,contested_catch_rate,contested_receptions,contested_targets,declined_penalties,drop_rate,drops,first_downs,franchise_id,fumbles,grades_hands_drop,grades_hands_fumble,grades_offense,grades_pass_block,grades_pass_route,inline_rate,inline_snaps,interceptions,longest,pass_block_rate,pass_blocks,pass_plays,penalties,receptions,route_rate,routes,slot_rate,slot_snaps,targeted_qb_rating,targets,touchdowns,wide_rate,wide_snaps,yards,yards_after_catch,yards_after_catch_per_reception,yards_per_reception,yprr
Puka Nacua,100632,WR,LA,18,9.5,28,77.4,65.9,27,41,0,3.4,5,91,26,1,90.4,68.8,95.8,79.7,95.8,2.4,14,1,58,1.7,10,575,1,144,94.3,542,35.1,202,126.2,186,11,61.4,353,1882,751,5.2,13.1,3.47
Ja'Marr Chase,84270,WR,CIN,16,8.9,23,68.7,56.3,18,32,2,4.6,6,73,7,1,83.9,63.4,90.1,,90.1,0.0,0,7,64,0.0,0,669,2,125,94.5,632,32.6,218,90.3,182,8,66.5,445,1412,648,5.2,11.3,2.23
Trey McBride,75916,TE,ARZ,17,7.0,24,76.8,58.3,21,36,0,0.8,1,63,1,0,91.3,85.1,81.7,34.4,84.8,28.0,210,0,31,1.6,12,749,5,126,92.8,695,62.8,470,119.9,164,11,8.9,67,1239,577,4.6,9.8,1.78
Amon-Ra St. Brown,84470,WR,DET,17,8.4,16,72.2,41.7,10,24,0,4.1,5,71,11,1,86.4,69.9,90.7,79.0,90.6,0.0,0,4,52,0.8,5,594,1,117,95.3,566,55.7,331,110.6,162,11,43.4,258,1401,591,5.1,12.0,2.48
Jaxon Smith-Njigba,129758,WR,SEA,18,11.7,18,75.8,57.7,15,26,1,2.4,3,80,29,3,90.7,29.1,92.8,,93.1,0.0,0,5,63,0.0,0,543,4,122,94.3,512,21.9,119,122.0,161,11,75.9,412,1812,542,4.4,14.9,3.54
Chris Olave,84355,WR,NO,16,12.3,6,66.2,47.1,16,34,3,3.8,4,53,20,0,86.4,83.7,78.0,,79.7,0.0,0,4,62,0.0,0,625,7,100,93.9,587,41.9,262,98.2,151,9,58.1,363,1163,292,2.9,11.6,1.98
Justin Jefferson,61398,WR,MIN,17,10.7,13,60.0,47.8,11,23,0,5.6,5,47,18,0,75.6,82.7,80.5,69.0,80.2,0.0,0,10,50,0.2,1,592,1,84,93.9,556,27.0,160,58.3,140,2,71.6,424,1048,435,5.2,12.5,1.88
Christian McCaffrey,11763,HB,SF,19,2.9,24,83.7,60.0,9,15,0,4.2,5,56,28,1,84.6,83.5,77.2,41.9,91.7,1.6,10,3,39,8.7,56,642,0,113,88.3,567,14.5,93,111.4,135,9,3.3,21,1029,776,6.9,9.1,1.81
George Pickens,99229,WR,DAL,17,12.0,21,71.0,56.4,22,39,1,5.1,5,73,9,4,79.5,22.6,85.9,,87.2,0.0,0,3,45,0.0,0,661,8,93,92.1,609,10.3,68,120.1,131,9,89.7,593,1429,478,5.1,15.4,2.35
Wan'Dale Robinson,101735,WR,NYG,16,9.0,16,70.2,31.8,7,22,1,3.2,3,39,21,1,89.1,32.0,70.2,39.6,69.8,0.0,0,2,50,0.2,1,588,4,92,92.0,541,67.9,399,96.7,131,4,31.1,183,1014,392,4.3,11.0,1.87
Courtland Sutton,48164,WR,DEN,18,13.2,9,60.5,50.0,17,34,1,8.2,7,55,10,0,63.2,82.2,75.1,,75.5,0.0,0,3,52,0.0,0,713,1,78,94.5,674,18.7,133,95.4,129,7,81.3,580,1070,220,2.8,13.7,1.59
Davante Adams,8688,WR,LA,16,13.8,2,51.9,30.3,10,33,0,11.8,9,57,26,0,40.6,81.2,83.3,,82.4,0.0,0,2,44,0.0,0,511,1,67,95.1,486,15.7,80,103.7,129,14,84.3,431,885,133,2.0,13.2,1.82
A.J. Brown,48327,WR,PHI,16,12.2,10,63.8,47.2,17,36,1,3.6,3,48,24,0,85.3,82.5,80.9,,83.4,0.0,0,3,45,0.0,0,555,8,81,94.4,524,12.4,69,97.5,127,7,87.6,486,1028,268,3.3,12.7,1.96
Keenan Allen,7857,WR,LAC,18,8.4,10,66.7,48.0,12,25,0,7.7,7,51,27,2,59.3,29.0,76.0,64.9,76.1,0.0,0,2,31,0.2,1,524,0,84,94.7,496,41.2,216,88.1,126,4,58.8,308,802,242,2.9,9.5,1.62
Tetairoa McMillan,158735,WR,CAR,18,12.3,8,59.5,33.3,8,24,0,8.5,7,60,5,1,55.4,81.8,79.3,,79.2,0.0,0,6,43,0.0,0,633,1,75,93.7,593,19.9,126,86.6,126,7,80.1,507,1095,290,3.9,14.6,1.85
Emeka Egbuka,145055,WR,TB,17,13.2,7,50.0,29.6,8,27,1,11.3,8,34,30,0,49.6,81.3,67.3,65.7,68.5,0.0,0,4,77,0.2,1,583,4,63,91.9,536,37.0,216,77.4,126,6,62.8,366,938,330,5.2,14.9,1.75
Nico Collins,61441,WR,HST,16,13.0,6,59.7,55.9,19,34,1,1.3,1,49,13,1,88.9,51.3,85.9,68.1,85.5,0.0,0,1,57,0.2,1,545,3,74,92.1,502,20.4,111,102.8,124,6,79.6,434,1138,332,4.5,15.4,2.27
Michael Wilson,84423,WR,ARZ,17,12.2,6,62.9,64.7,22,34,0,4.9,4,51,1,0,80.2,82.4,76.4,46.8,76.4,0.1,1,5,50,0.1,1,675,1,78,93.5,631,30.2,204,90.3,124,7,69.5,469,1006,277,3.6,12.9,1.59
DeVonta Smith,61100,WR,PHI,18,11.7,7,69.7,40.0,10,25,0,3.4,3,46,24,0,81.7,82.8,76.7,26.8,78.9,0.0,0,1,79,0.0,0,592,2,85,94.8,561,56.6,335,104.5,122,4,42.7,253,1078,344,4.0,12.7,1.92
Zay Flowers,97268,WR,BLT,17,10.1,16,73.5,53.8,7,13,2,5.5,5,48,3,3,76.0,23.5,79.6,,81.6,0.0,0,2,64,0.0,0,511,5,86,93.7,479,33.9,173,113.6,117,5,65.9,337,1211,473,5.5,14.1,2.53
Kyle Pitts,83964,TE,ATL,17,7.5,9,77.2,55.0,11,20,0,4.3,4,51,2,0,81.8,83.1,73.6,81.3,82.0,45.0,268,3,36,3.9,23,596,7,88,91.1,543,34.7,207,104.0,114,5,20.3,121,928,399,4.5,10.5,1.71
CeeDee Lamb,61570,WR,DAL,14,12.7,10,65.8,46.7,14,30,2,9.6,8,43,9,0,55.2,82.2,77.6,,79.0,0.0,0,3,74,0.0,0,498,6,75,91.4,455,34.7,173,94.1,114,3,64.5,321,1077,320,4.3,14.4,2.37
Khalil Shakir,84140,WR,BUF,18,3.5,25,81.3,41.2,7,17,0,5.2,5,34,4,1,78.6,65.9,74.3,38.8,74.3,2.1,11,2,54,0.6,3,519,2,91,93.6,486,69.0,358,103.7,112,4,27.2,141,876,665,7.3,9.6,1.8
Jakobi Meyers,47468,WR,JAX,17,9.4,9,68.5,46.2,12,26,1,5.0,4,44,15,1,76.8,82.3,71.1,36.3,73.2,0.0,0,7,50,0.2,1,595,4,76,93.6,557,41.7,248,73.7,111,3,58.3,347,847,290,3.8,11.1,1.52
Stefon Diggs,9579,WR,NE,19,8.6,11,82.7,75.0,12,16,0,3.2,3,54,19,0,87.7,83.0,85.5,75.4,85.4,0.0,0,2,34,0.4,2,514,4,91,93.6,481,52.3,269,114.7,110,5,47.5,244,1069,386,4.2,11.7,2.22
Michael Pittman Jr.,29049,WR,IND,17,8.4,7,72.7,43.8,7,16,2,4.8,4,47,14,0,75.2,82.4,70.4,69.3,70.8,1.0,6,5,27,0.2,1,575,5,80,93.4,537,28.9,166,94.7,110,7,69.2,398,784,272,3.4,9.8,1.46
Dalton Schultz,47304,TE,HST,19,6.5,9,80.6,25.0,2,8,0,1.1,1,41,13,1,90.3,54.7,73.1,56.2,76.5,55.4,347,0,47,7.8,49,626,7,87,85.0,532,32.1,201,108.2,108,3,10.4,65,836,405,4.7,9.6,1.57
Colston Loveland,158540,TE,CHI,18,10.0,7,66.0,40.9,9,22,0,2.8,2,44,6,0,87.3,81.6,84.0,43.9,86.2,42.5,218,1,58,5.7,29,513,5,70,89.9,461,31.0,159,107.7,106,6,24.2,124,906,311,4.4,12.9,1.97
Ladd McConkey,124030,WR,LAC,17,10.5,13,65.1,21.4,3,14,1,4.2,3,37,27,0,74.7,84.0,66.9,38.3,68.0,0.9,6,5,58,0.2,1,636,4,69,95.3,606,64.8,412,87.8,106,6,34.3,218,821,322,4.7,11.9,1.35
Tyler Warren,129798,TE,IND,17,5.9,5,71.7,39.1,9,23,1,6.2,5,42,14,0,72.5,54.3,67.6,64.2,72.0,39.4,227,2,41,6.9,40,576,4,76,87.2,502,43.6,251,98.7,106,4,13.7,79,817,487,6.4,10.8,1.63
Drake London,86519,WR,ATL,12,11.1,4,65.4,43.3,13,30,1,2.9,2,46,2,1,86.1,46.8,88.0,75.3,89.9,0.0,0,2,43,1.0,4,421,3,68,93.1,392,33.7,142,107.8,104,7,66.3,279,919,243,3.6,13.5,2.34
Harold Fannin Jr.,163104,TE,CLV,16,6.0,22,69.2,47.6,10,21,0,6.5,5,32,8,0,71.1,53.1,67.9,54.1,76.4,42.0,207,2,35,5.7,28,493,6,72,88.4,436,41.4,204,100.3,104,6,15.2,75,731,359,5.0,10.2,1.68
Travis Kelce,7844,TE,KC,17,6.9,9,73.8,37.5,3,8,0,8.4,7,46,16,1,52.6,81.9,72.0,57.9,74.0,34.0,218,4,44,4.5,29,642,3,76,89.9,577,42.1,270,98.0,103,5,22.7,146,851,430,5.7,11.2,1.47
D.K. Metcalf,47864,WR,PIT,16,11.4,11,59.2,36.0,9,25,0,9.0,6,39,25,0,60.6,81.2,71.1,,73.1,0.0,0,4,80,0.0,0,531,8,61,94.4,501,19.2,102,90.8,103,6,80.4,427,892,449,7.4,14.6,1.78
Jerry Jeudy,61103,WR,CLV,17,12.3,3,48.5,34.8,8,23,1,15.3,9,31,8,1,32.7,30.0,58.5,,57.9,0.2,1,7,60,0.0,0,628,3,50,94.1,591,18.6,117,45.0,103,2,81.2,510,602,168,3.4,12.0,1.02
Troy Franklin,146567,WR,DEN,18,13.0,9,63.7,52.9,9,17,2,11.0,8,32,10,1,45.3,48.9,62.3,,63.6,0.0,0,4,48,0.0,0,528,5,65,94.3,498,45.1,238,87.4,102,6,54.7,289,709,279,4.3,10.9,1.42
Juwan Johnson,28305,TE,NO,17,7.6,12,77.0,56.0,14,25,0,8.3,7,41,20,2,60.7,27.8,66.5,61.1,69.1,27.8,165,0,52,5.7,34,593,2,77,88.7,526,53.6,318,113.3,100,3,15.7,93,889,363,4.7,11.5,1.69
Jake Ferguson,61081,TE,DAL,17,5.0,9,82.0,57.1,12,21,2,4.7,4,30,9,3,74.2,24.1,59.4,52.1,60.0,37.9,220,1,26,6.0,35,581,5,82,85.7,498,54.2,315,114.2,100,8,6.5,38,600,308,3.8,7.3,1.2
Bijan Robinson,123126,HB,ATL,17,0.7,26,79.8,60.0,3,5,0,3.7,3,34,2,1,84.2,49.4,86.6,30.4,88.1,0.0,0,1,69,15.3,83,543,0,79,80.5,437,18.0,98,110.4,99,4,10.9,59,820,858,10.9,10.4,1.88
Jaylen Waddle,84088,WR,MIA,16,13.2,9,64.6,54.5,12,22,2,4.5,3,48,17,1,79.1,48.0,84.0,,85.1,0.0,0,7,46,0.0,0,443,2,64,93.9,416,23.0,102,85.0,99,6,76.5,339,910,231,3.6,14.2,2.19
Deebo Samuel,48274,WR,WAS,16,5.5,17,72.7,52.6,10,19,1,6.5,5,32,32,1,65.7,28.8,69.4,61.8,70.3,0.2,1,3,41,0.2,1,479,5,72,91.2,437,64.3,308,97.5,99,5,33.6,161,727,471,6.5,10.1,1.66
Rome Odunze,73774,WR,CHI,14,14.9,4,48.5,35.0,7,20,0,9.4,5,41,6,0,57.5,37.1,70.3,67.6,71.0,0.0,0,3,37,0.4,2,521,3,48,93.9,489,38.4,200,81.6,99,6,61.4,320,749,219,4.6,15.6,1.53
Tee Higgins,61211,WR,CIN,15,13.9,8,60.2,47.4,18,38,1,3.3,2,41,7,0,83.2,80.4,80.1,67.5,80.2,0.2,1,2,44,0.2,1,554,1,59,94.4,523,12.8,71,117.1,98,11,87.0,482,846,164,2.8,14.3,1.62
Parker Washington,129799,WR,JAX,17,13.2,12,66.3,65.5,19,29,1,8.5,6,42,15,0,62.2,89.3,82.6,,85.6,0.6,3,4,63,0.0,0,469,1,65,93.0,436,50.5,237,101.3,98,6,48.6,228,954,297,4.6,14.7,2.19
Jameson Williams,101701,WR,DET,17,12.7,12,67.0,62.5,5,8,0,12.2,9,49,11,0,43.9,81.8,75.6,,76.7,0.0,0,1,64,0.0,0,626,5,65,96.0,601,23.2,145,125.7,97,7,76.7,480,1117,447,6.9,17.2,1.86
Jauan Jennings,48027,WR,SF,17,10.8,11,60.4,54.3,19,35,0,7.9,5,38,28,1,63.3,43.6,67.1,64.0,68.9,0.0,0,7,45,0.7,4,556,4,58,94.4,525,29.9,166,84.2,96,9,70.1,390,711,215,3.7,12.3,1.35
DJ Moore,48267,WR,CHI,19,12.1,5,64.2,57.1,8,14,0,4.7,3,37,6,1,76.6,82.5,67.8,74.7,67.9,0.1,1,2,46,0.3,2,683,8,61,94.0,642,32.1,219,109.9,95,8,65.3,446,798,277,4.5,13.1,1.24
Romeo Doubs,84329,WR,GB,17,12.9,4,67.0,43.3,13,30,0,6.0,4,48,12,1,66.1,58.3,74.6,,77.3,0.0,0,1,48,0.0,0,484,1,63,94.0,455,18.0,87,115.9,94,7,82.0,397,848,206,3.3,13.5,1.86
Jahmyr Gibbs,122474,HB,DET,17,0.4,25,83.7,50.0,1,2,0,4.9,4,28,11,0,77.1,75.8,85.6,50.5,90.3,0.0,0,0,42,17.5,81,463,1,77,79.5,368,8.0,37,112.7,92,5,5.2,24,616,626,8.1,8.0,1.67
Rashid Shaheed,63707,WR,SEA,19,11.7,2,64.8,46.2,6,13,0,0.0,0,29,29,1,90.7,55.6,66.1,,67.7,0.0,0,4,87,0.0,0,535,3,59,94.0,503,34.0,182,76.6,91,2,66.0,353,687,182,3.1,11.6,1.37
Hunter Henry,10669,TE,NE,19,9.1,3,70.3,54.2,13,24,0,7.2,5,45,19,0,68.1,81.1,75.3,64.1,78.2,39.8,243,3,36,10.2,62,610,3,64,85.2,520,42.5,259,114.6,91,8,14.3,87,837,348,5.4,13.1,1.61
Brian Thomas Jr.,146760,WR,JAX,15,14.7,4,55.6,36.7,11,30,0,13.8,8,35,15,0,39.0,80.0,65.5,,66.6,0.0,0,1,46,0.0,0,532,2,50,94.2,501,24.1,128,88.6,90,3,75.9,404,728,171,3.4,14.6,1.45
Tre Tucker,101106,WR,LV,17,10.7,9,63.3,38.5,5,13,0,8.1,5,32,23,0,63.0,84.3,65.9,,65.7,0.8,5,1,61,0.0,0,618,4,57,94.2,582,17.2,106,101.0,90,5,81.7,505,696,292,5.1,12.2,1.2
Kenneth Gainwell,77737,HB,PIT,18,-0.2,13,88.5,100.0,4,4,0,3.8,3,23,25,1,83.9,67.3,72.6,69.3,70.5,17.6,71,0,45,6.7,27,403,2,77,88.1,355,14.1,57,102.7,87,3,7.2,29,512,557,7.2,6.6,1.44
Chase Brown,77787,HB,CIN,17,0.6,17,80.2,62.5,5,8,0,5.5,4,18,7,1,74.7,74.9,75.1,27.7,71.9,0.4,2,2,23,11.8,56,476,1,69,84.0,400,9.7,46,97.5,86,5,4.0,19,437,452,6.6,6.3,1.09
Elic Ayomanor,157263,WR,TEN,16,12.8,4,47.7,56.5,13,23,0,8.9,4,30,31,0,58.3,78.1,60.4,,62.8,0.2,1,3,39,0.0,0,533,2,41,94.7,505,18.6,99,67.7,86,4,81.2,433,515,121,3.0,12.6,1.02
De'Von Achane,124305,HB,MIA,16,0.6,23,78.8,28.6,2,7,0,5.6,4,23,17,0,74.3,84.8,89.2,43.3,74.9,0.0,0,2,29,7.9,34,429,1,67,87.9,377,24.7,106,96.5,85,4,9.8,42,488,551,8.2,7.3,1.29
Dallas Goedert,47272,TE,PHI,16,7.5,6,75.3,0.0,0,9,0,4.5,3,36,24,0,78.7,81.4,66.7,64.2,69.1,37.1,191,0,36,4.1,21,515,0,64,90.5,466,48.7,251,135.0,85,12,13.8,71,624,252,3.9,9.8,1.34
Josh Downs,122832,WR,IND,16,8.4,7,69.0,35.7,5,14,0,4.9,3,36,14,0,76.6,83.5,77.1,,77.4,0.0,0,3,34,0.0,0,405,1,58,93.6,379,78.8,319,88.7,84,4,20.2,82,566,144,2.5,9.8,1.49
Quentin Johnston,123085,WR,LAC,15,12.9,12,65.1,47.8,11,23,0,6.9,4,26,27,1,67.4,40.9,66.8,,66.9,0.0,0,2,60,0.0,0,550,1,54,95.5,525,14.5,80,116.3,83,8,85.5,470,755,231,4.3,14.0,1.44
Alec Pierce,78038,WR,IND,15,20.0,2,56.6,43.8,14,32,0,2.1,1,41,14,0,86.2,79.2,79.3,,81.0,0.0,0,2,66,0.0,0,506,4,47,94.3,477,13.4,68,113.7,83,6,86.6,438,1003,188,4.0,21.3,2.1
Brock Bowers,146715,TE,LV,12,7.5,4,77.1,63.6,14,22,0,4.5,3,36,23,0,72.5,81.1,78.8,79.2,82.2,32.7,143,3,38,3.2,14,437,0,64,91.5,400,47.6,208,113.5,83,7,18.8,82,680,296,4.6,10.6,1.7
Jayden Higgins,150240,WR,HST,19,12.5,3,61.7,41.2,7,17,1,2.0,1,33,13,0,86.5,79.3,70.0,34.7,71.9,0.2,1,2,75,0.7,3,457,4,50,93.4,427,20.4,93,100.0,81,6,79.2,362,623,134,2.7,12.5,1.46
Cade Otton,61071,TE,TB,16,5.1,7,73.8,35.0,7,20,0,3.3,2,25,30,0,82.9,80.3,57.4,71.3,58.1,34.1,213,2,27,9.4,59,625,5,59,84.5,528,48.6,304,87.1,80,1,16.6,104,572,307,5.2,9.7,1.08
Rashee Rice,97605,WR,KC,8,4.9,8,68.8,25.0,4,16,0,10.2,6,27,16,1,53.9,25.6,76.4,65.2,77.2,0.0,0,1,47,0.3,1,288,2,53,92.0,265,44.1,127,106.6,77,5,54.9,158,571,427,8.1,10.8,2.15
Chigoziem Okonkwo,84000,TE,TEN,17,4.9,13,73.7,71.4,5,7,0,5.1,3,24,31,0,76.0,80.2,59.9,60.5,67.1,38.4,187,1,43,7.2,35,487,3,56,86.2,420,46.0,224,97.5,76,2,14.0,68,560,345,6.2,10.0,1.33
Evan Engram,11778,TE,DEN,17,4.3,5,68.9,50.0,4,8,0,7.3,4,19,10,0,66.1,79.7,56.0,74.2,57.0,42.4,177,1,41,2.4,10,417,2,51,93.3,389,43.2,180,84.7,74,1,12.7,53,468,297,5.8,9.2,1.2
Jordan Addison,123000,WR,MIN,14,14.5,3,56.8,46.2,6,13,0,14.3,7,26,18,0,36.9,78.7,65.4,,62.2,0.2,1,4,81,0.0,0,473,0,42,94.5,447,20.9,99,74.7,74,3,78.4,371,610,135,3.2,14.5,1.36
Chimere Dike,129918,WR,TEN,17,8.0,2,65.8,33.3,1,3,1,4.0,2,20,31,0,79.6,79.6,61.4,24.1,65.1,0.0,0,1,38,0.0,0,441,4,48,93.9,414,68.0,300,93.6,73,4,31.1,137,423,226,4.7,8.8,1.02
Luther Burden III,157170,WR,CHI,17,7.9,14,73.6,0.0,0,1,0,10.2,6,30,6,0,52.8,82.5,76.7,,77.7,0.0,0,2,65,0.0,0,321,0,53,95.6,307,47.4,152,102.7,72,2,51.7,166,718,383,7.2,13.5,2.34
Cooper Kupp,11824,WR,SEA,17,8.6,10,72.2,50.0,5,10,0,5.5,3,29,29,1,73.5,39.3,72.7,55.1,73.4,0.2,1,3,67,0.6,3,469,1,52,93.6,439,47.5,223,92.0,72,2,50.7,238,653,298,5.7,12.6,1.49
Marquise Brown,61568,WR,KC,16,11.8,6,68.1,40.0,4,10,0,2.0,1,29,16,1,86.2,36.0,69.8,,70.4,0.0,0,2,51,0.0,0,421,1,49,93.3,393,37.8,159,104.3,72,5,61.8,260,587,190,3.9,12.0,1.49
Zach Ertz,7816,TE,WAS,13,9.3,2,69.4,64.3,9,14,0,12.3,7,25,32,1,47.2,39.8,60.8,30.9,63.3,29.2,119,2,30,1.2,5,408,5,50,90.4,369,58.3,238,96.1,72,4,12.3,50,504,130,2.6,10.1,1.37
Marvin Harrison Jr.,145056,WR,ARZ,12,13.9,3,56.9,47.4,9,19,0,10.9,5,30,1,0,47.7,78.3,68.4,,67.6,0.0,0,2,45,0.0,0,412,0,41,93.2,384,23.3,96,91.7,72,4,76.7,316,608,118,2.9,14.8,1.58
Xavier Worthy,144718,WR,KC,14,12.5,8,58.3,44.4,4,9,0,4.5,2,22,16,0,76.3,81.7,67.0,,66.3,0.0,0,1,42,0.0,0,455,1,42,93.2,424,30.3,138,80.3,72,1,69.0,314,532,207,4.9,12.7,1.25
Theo Johnson,129787,TE,NYG,15,8.9,3,62.5,63.2,12,19,0,13.5,7,24,21,0,33.8,78.8,58.0,41.0,62.0,30.6,162,2,42,12.6,67,530,3,45,80.6,427,49.4,262,96.3,72,5,13.8,73,528,192,4.3,11.7,1.24
Xavier Hutchinson,122518,WR,HST,19,10.8,3,57.7,25.0,3,12,1,4.7,2,22,13,0,75.0,78.8,63.6,74.2,62.3,0.2,1,5,33,1.0,5,510,3,41,92.4,471,21.4,109,63.9,71,3,78.4,400,493,164,4.0,12.0,1.05
Adonai Mitchell,146712,WR,NYJ,16,15.2,2,46.5,50.0,5,10,0,15.4,6,15,22,1,35.1,26.3,59.7,,59.9,0.0,0,5,75,0.0,0,323,1,33,96.0,310,18.3,59,47.4,71,2,81.7,264,453,87,2.6,13.7,1.46
Oronde Gadsden II,144046,TE,LAC,16,9.2,3,73.2,66.7,8,12,0,10.3,6,30,27,1,53.5,38.8,64.1,70.7,71.1,39.8,185,3,53,4.9,23,465,2,52,90.5,421,44.7,208,100.3,71,3,14.4,67,694,233,4.5,13.3,1.65
Darnell Mooney,48236,WR,ATL,15,14.4,2,45.7,20.0,2,10,0,15.8,6,25,2,2,33.8,20.8,52.5,,52.4,0.0,0,0,49,0.0,0,486,0,32,94.4,459,37.2,181,71.3,70,1,62.8,305,443,73,2.3,13.8,0.97
Ashton Jeanty,157196,HB,LV,17,-1.6,23,80.9,0.0,0,4,1,6.8,4,13,23,1,67.1,66.8,70.4,34.1,66.7,0.2,1,2,60,18.9,88,466,2,55,77.0,359,2.8,13,100.1,68,5,4.1,19,346,461,8.4,6.3,0.96
George Kittle,11901,TE,SF,12,7.1,5,85.3,78.6,11,14,1,3.3,2,38,28,0,82.4,80.3,90.7,72.2,91.0,61.9,210,0,33,8.8,30,339,1,58,88.5,300,28.3,96,139.8,68,7,7.1,24,634,261,4.5,10.9,2.11
Olamide Zaccheaus,44920,WR,CHI,18,7.6,3,61.2,72.7,8,11,0,12.8,6,16,6,0,35.9,79.0,55.7,76.5,56.3,0.0,0,1,27,1.3,5,385,1,41,92.7,357,50.6,195,82.3,67,3,49.4,190,330,151,3.7,8.0,0.92
Colby Parkinson,52266,TE,LA,17,5.3,5,71.6,36.4,4,11,1,11.1,6,28,26,1,49.2,35.6,74.7,52.7,76.3,73.0,281,2,35,21.6,83,385,3,48,75.1,289,11.4,44,119.9,67,9,15.3,59,498,339,7.1,10.4,1.72
Mark Andrews,47436,TE,BLT,17,8.0,3,73.8,58.3,7,12,1,5.9,3,24,3,1,72.4,44.6,64.4,50.2,61.6,12.8,50,3,27,4.9,19,390,7,48,88.2,344,69.2,270,97.1,65,5,17.9,70,422,103,2.1,8.8,1.23
Christian Kirk,47546,WR,HST,15,8.0,3,59.4,27.3,3,11,2,9.5,4,20,13,0,57.2,77.9,62.1,,61.4,0.0,0,5,47,0.0,0,370,2,38,93.8,347,73.2,271,60.9,64,3,26.2,97,403,174,4.6,10.6,1.16
T.J. Hockenson,40912,TE,MIN,15,5.2,5,79.7,60.0,3,5,0,7.3,4,22,18,0,64.8,79.5,61.2,55.4,62.6,43.1,207,0,29,7.3,35,480,4,51,87.1,418,39.8,191,110.8,64,3,16.7,80,438,224,4.4,8.6,1.05
Keon Coleman,144949,WR,BUF,15,12.6,2,62.5,35.7,5,14,1,11.1,5,26,4,1,51.5,33.6,65.6,60.9,64.0,0.8,3,2,37,0.3,1,378,3,40,94.2,356,16.1,61,96.5,64,5,83.1,314,450,110,2.8,11.3,1.26
Mack Hollins,11873,WR,NE,15,13.3,1,71.9,61.5,8,13,1,0.0,0,28,19,1,90.3,35.8,67.5,72.2,68.9,4.1,15,2,54,0.8,3,363,2,46,94.5,343,23.4,85,95.2,64,2,71.9,261,550,112,2.4,12.0,1.6
AJ Barner,129433,TE,SEA,18,5.3,5,81.3,66.7,6,9,1,3.7,2,26,29,2,80.4,26.8,75.3,65.7,75.5,82.9,398,2,61,16.5,79,480,6,52,78.3,376,11.9,57,118.7,64,6,3.5,17,519,268,5.2,10.0,1.38
Brenton Strange,101694,TE,JAX,13,7.0,10,76.2,60.0,6,10,0,5.9,3,28,15,0,71.8,79.5,76.1,60.5,75.6,47.6,188,0,30,7.8,31,395,5,48,87.8,347,36.7,145,117.8,63,3,14.9,59,549,265,5.5,11.4,1.58
Xavier Legette,99197,WR,CAR,16,11.0,6,57.1,42.9,6,14,2,2.7,1,18,5,1,80.4,29.5,52.0,,54.0,0.0,0,3,36,0.0,0,452,9,36,93.8,424,37.4,169,70.3,63,3,62.6,283,371,78,2.2,10.3,0.88
RJ Harvey,99622,HB,DEN,18,0.4,15,83.9,,0,0,0,7.1,4,19,10,0,66.6,79.7,69.8,58.6,70.4,0.9,3,0,32,10.8,37,342,0,52,84.8,290,7.6,26,120.6,62,5,8.8,30,402,417,8.0,7.7,1.39
Malik Washington,97108,WR,MIA,17,5.4,13,74.2,55.6,5,9,0,2.1,1,16,17,0,86.3,72.4,60.9,,62.8,0.5,2,2,28,0.0,0,384,2,46,95.8,368,48.2,185,87.9,62,3,47.4,182,317,262,5.7,6.9,0.86
Mason Taylor,157122,TE,NYJ,13,5.8,0,71.0,78.6,11,14,3,10.2,5,23,22,0,53.9,78.6,59.6,35.7,60.0,46.7,196,1,27,11.0,46,420,5,44,84.0,353,31.7,133,84.7,62,1,20.0,84,369,136,3.1,8.4,1.05
Christian Watson,66581,WR,GB,11,17.4,0,61.3,47.8,11,23,0,2.6,1,30,12,1,81.9,29.6,82.7,65.5,83.9,4.7,14,2,52,0.3,1,297,1,38,95.6,284,31.0,92,120.8,62,7,64.3,191,647,147,3.9,17.0,2.28
Dalton Kincaid,91791,TE,BUF,14,9.4,1,80.0,57.1,8,14,0,4.0,2,33,4,1,70.9,35.3,86.8,25.1,86.1,23.5,64,0,47,1.1,3,272,2,48,93.0,253,53.7,146,152.9,60,7,22.1,60,682,294,6.1,14.2,2.7
Darius Slayton,25578,WR,NYG,14,13.8,6,61.7,27.3,3,11,0,14.0,6,23,21,1,43.1,29.7,58.0,65.9,59.3,0.0,0,0,52,0.2,1,466,4,37,92.9,433,16.5,77,96.4,60,1,83.5,389,538,190,5.1,14.5,1.24
Marvin Mims Jr.,122937,WR,DEN,16,9.3,4,76.3,75.0,3,4,0,2.2,1,19,10,0,84.7,73.8,67.0,,66.6,0.0,0,0,31,0.0,0,328,0,45,94.8,311,29.6,97,106.3,59,2,66.2,217,415,263,5.8,9.2,1.33
Terry McLaurin,48229,WR,WAS,10,14.1,3,64.4,53.3,8,15,0,2.6,1,33,32,0,81.9,77.9,86.5,,87.0,0.0,0,1,56,0.0,0,284,2,38,92.3,262,13.7,39,106.7,59,3,86.3,245,582,99,2.6,15.3,2.22
Mike Evans,8642,WR,TB,8,14.4,1,50.8,48.0,12,25,0,11.8,4,23,30,0,50.9,76.8,69.8,,71.2,0.0,0,2,45,0.0,0,252,3,30,90.1,227,25.8,65,73.3,59,3,74.2,187,368,33,1.1,12.3,1.62
Calvin Austin III,61418,WR,PIT,15,11.1,3,58.6,45.5,5,11,0,8.1,3,16,25,0,61.2,83.5,54.6,,55.4,0.6,2,3,31,0.0,0,351,2,34,94.0,330,49.3,173,73.9,58,3,49.9,175,380,132,3.9,11.2,1.15
Jonnu Smith,11855,TE,PIT,18,4.5,7,70.2,42.9,3,7,1,4.8,2,10,25,1,73.9,36.7,46.8,51.8,49.4,40.3,145,0,21,5.6,20,360,6,40,88.3,318,43.1,155,88.4,57,2,15.0,54,221,185,4.6,5.5,0.69
Andrei Iosivas,109811,WR,CIN,17,9.9,2,58.9,20.0,3,15,0,13.2,5,24,7,0,44.3,77.9,53.7,74.8,53.8,0.2,1,1,37,0.5,3,584,1,33,94.5,552,58.2,340,88.0,56,2,41.4,242,435,103,3.1,13.2,0.79
Dawson Knox,35883,TE,BUF,19,7.5,2,75.0,45.5,5,11,0,8.7,4,26,4,0,59.9,78.4,67.7,62.7,68.4,49.5,194,2,32,4.3,17,392,2,42,90.6,355,33.7,132,109.2,56,4,13.3,52,479,208,5.0,11.4,1.35
Pat Freiermuth,84085,TE,PIT,18,7.3,5,75.0,55.6,5,9,0,2.3,1,22,25,0,75.5,78.4,67.5,78.1,68.5,24.3,96,2,68,3.3,13,395,3,42,90.4,357,60.8,240,111.0,56,4,14.9,59,504,260,6.2,12.0,1.41
Kayshon Boutte,124087,WR,NE,16,16.9,3,72.7,58.3,7,12,0,2.4,1,32,19,0,83.0,78.3,73.8,74.5,74.5,0.2,1,2,42,0.4,2,456,3,40,94.5,431,9.9,45,139.2,55,7,89.9,410,692,89,2.2,17.3,1.61
Garrett Wilson,97405,WR,NYJ,7,9.8,9,66.7,41.7,5,12,1,7.7,3,18,22,1,64.8,29.3,72.5,,72.1,0.0,0,2,33,0.0,0,242,2,36,93.0,225,38.8,94,97.4,54,4,61.2,148,395,98,2.7,11.0,1.76
Gunnar Helm,144726,TE,TEN,16,5.7,4,81.5,64.3,9,14,1,6.4,3,17,31,0,68.2,78.5,66.5,55.7,69.3,56.4,168,0,34,15.1,45,298,3,44,82.6,246,34.2,102,106.6,54,2,9.1,27,357,164,3.7,8.1,1.45
Jalen Coker,143068,WR,CAR,12,10.0,2,77.8,81.8,9,11,0,2.3,1,27,5,1,83.6,78.4,75.4,73.1,75.3,0.9,3,2,52,0.9,3,349,1,42,93.7,327,55.3,193,116.7,54,4,43.0,150,528,149,3.5,12.6,1.61
Jonathan Taylor,57488,HB,IND,17,-0.7,9,85.2,25.0,1,4,0,8.0,4,15,14,1,63.0,80.6,78.6,58.6,52.9,0.0,0,0,43,15.4,80,520,1,46,79.2,412,6.0,31,108.2,54,2,5.2,27,378,436,9.5,8.2,0.92
Jake Tonges,60864,TE,SF,15,7.4,2,75.5,22.2,2,9,0,2.4,1,26,28,1,74.4,29.7,77.9,56.4,75.6,63.5,198,1,23,7.4,23,312,1,40,87.8,274,27.2,85,117.3,53,5,7.7,24,366,178,4.5,9.2,1.34
Kendrick Bourne,12270,WR,SF,18,11.3,5,69.8,46.2,6,13,1,15.9,7,27,28,0,31.7,77.6,62.5,,64.1,0.0,0,2,56,0.0,0,409,3,37,96.3,394,27.1,111,87.9,53,0,72.9,298,551,167,4.5,14.9,1.4
Ryan Flournoy,159617,WR,DAL,15,9.8,7,75.5,40.0,4,10,1,2.4,1,29,9,0,83.0,79.1,80.3,,78.8,0.0,0,2,46,0.0,0,292,1,40,93.5,273,35.6,104,111.8,53,4,64.0,187,475,201,5.0,11.9,1.74
Sterling Shepard,10674,WR,TB,13,9.0,5,73.6,45.5,5,11,0,2.5,1,18,30,1,82.2,32.0,61.6,78.1,62.8,0.0,0,0,36,0.8,3,382,2,39,92.1,352,49.0,187,98.9,53,1,51.0,195,371,149,3.8,9.5,1.05
Ricky Pearsall,100660,WR,SF,10,14.0,0,67.9,81.8,9,11,0,2.7,1,27,28,0,80.4,77.9,71.6,,73.2,0.0,0,4,45,0.0,0,331,1,36,94.9,314,21.8,72,68.8,53,0,78.2,259,528,78,2.2,14.7,1.68
Travis Etienne Jr.,57185,HB,JAX,18,-1.1,13,78.8,0.0,0,2,0,8.9,4,17,15,1,60.4,76.5,74.2,68.0,62.1,0.0,0,0,45,21.2,83,391,0,41,74.4,291,10.7,42,133.6,52,7,3.1,12,341,383,9.3,8.3,1.17
Saquon Barkley,45791,HB,PHI,17,0.5,11,76.9,0.0,0,1,1,9.1,4,12,24,1,58.3,88.2,67.9,44.4,46.8,0.4,2,0,47,22.4,106,474,2,40,74.1,351,7.0,33,102.9,52,2,8.9,42,298,328,8.2,7.5,0.85
Tyler Lockett,9502,WR,LV,17,7.3,2,61.5,30.0,3,10,0,11.1,4,14,23,0,52.1,77.0,52.1,,52.8,0.3,1,1,33,0.0,0,396,1,32,94.4,374,71.5,283,75.1,52,1,28.3,112,291,84,2.6,9.1,0.78
Kyren Williams,97118,HB,LA,19,3.2,2,82.4,71.4,5,7,1,4.5,2,15,26,0,75.3,78.8,84.9,63.8,63.0,0.0,0,0,30,25.6,139,542,1,42,71.4,387,6.6,36,119.7,51,4,0.7,4,329,179,4.3,7.8,0.85
Van Jefferson,47447,WR,TEN,16,12.6,0,56.9,54.5,6,11,0,0.0,0,17,31,0,88.0,76.6,59.1,,60.5,0.0,0,0,43,0.0,0,399,1,29,94.0,375,14.3,57,84.6,51,1,85.7,342,350,83,2.9,12.1,0.93
Tyjae Spears,97195,HB,TEN,13,-2.7,26,90.0,100.0,1,1,1,2.2,1,10,31,0,84.8,87.3,75.3,49.2,90.2,2.1,6,1,34,21.3,61,287,2,45,74.9,215,8.7,25,80.3,50,0,2.4,7,264,374,8.3,5.9,1.23
Pat Bryant,144800,WR,DEN,16,9.8,8,68.0,60.0,9,15,1,8.1,3,24,10,0,63.2,77.4,63.3,64.9,66.9,0.9,3,3,48,0.3,1,328,5,34,95.1,312,58.2,191,74.6,50,1,40.2,132,410,163,4.8,12.1,1.31
Cole Kmet,60995,TE,CHI,18,9.2,2,66.0,16.7,1,6,0,5.7,2,19,6,0,70.9,77.6,63.0,71.7,61.1,56.6,282,2,31,16.1,80,498,3,33,78.7,392,20.1,100,91.9,50,3,18.7,93,378,159,4.8,11.5,0.96
Chris Godwin,11839,WR,TB,9,7.8,10,67.3,46.2,6,13,0,5.7,2,21,30,0,70.8,77.3,68.9,77.5,68.8,0.0,0,1,59,1.4,4,294,0,33,90.1,265,54.1,159,93.9,49,2,45.9,135,360,206,6.2,10.9,1.36
Jalen Nailor,84292,WR,MIN,17,13.1,3,59.2,75.0,9,12,0,3.3,1,23,18,0,78.4,77.8,66.3,66.4,67.1,0.2,1,5,62,1.1,5,451,3,29,92.9,419,60.1,271,76.8,49,4,39.5,178,444,114,3.9,15.3,1.06
Rico Dowdle,40693,HB,CAR,18,-1.0,7,83.3,,0,0,0,4.8,2,14,5,1,74.3,74.2,63.5,24.6,55.2,0.0,0,1,36,15.2,52,341,3,40,78.6,268,5.9,20,91.2,48,1,11.4,39,303,361,9.0,7.6,1.13
John Metchie III,97400,WR,NYJ,15,5.5,1,68.8,37.5,3,8,0,10.8,4,15,22,0,51.6,79.9,57.6,68.1,58.7,0.0,0,2,22,0.4,1,264,1,33,97.0,256,37.1,98,79.7,48,2,62.1,164,274,144,4.4,8.3,1.07
D'Andre Swift,57212,HB,CHI,18,-0.8,4,76.6,0.0,0,1,1,7.7,3,14,6,0,65.7,74.3,83.0,52.6,64.9,4.4,19,0,55,15.9,68,428,3,36,80.4,344,3.7,16,102.9,47,1,6.5,28,337,402,11.2,9.4,0.98
Michael Mayer,122906,TE,LV,13,4.8,5,74.5,16.7,1,6,0,5.4,2,18,23,1,71.4,28.9,64.6,54.9,69.8,64.9,181,3,23,14.7,41,279,2,35,79.6,222,23.3,65,73.7,47,1,8.6,24,328,200,5.7,9.4,1.48
Demario Douglas,104155,WR,NE,19,9.7,4,72.3,66.7,4,6,0,5.6,2,18,19,0,72.6,79.2,76.7,,78.1,0.0,0,0,58,0.0,0,274,0,34,93.8,257,81.8,224,133.8,47,4,16.1,44,486,254,7.5,14.3,1.89
Javonte Williams,77803,HB,DAL,16,-1.1,7,74.5,0.0,0,7,0,2.8,1,7,9,1,80.5,73.9,75.3,66.5,45.7,0.2,1,0,14,25.3,124,491,1,35,69.9,343,3.9,19,90.8,47,2,2.4,12,137,203,5.8,3.9,0.4
David Njoku,11784,TE,CLV,12,5.9,3,71.7,75.0,9,12,0,5.7,2,11,8,0,70.8,28.6,55.9,47.7,61.6,55.7,186,2,23,11.4,38,334,0,33,82.9,277,28.7,96,99.3,46,4,14.4,48,293,166,5.0,8.9,1.06
Brandin Cooks,8655,WR,BUF,17,16.9,1,63.0,64.7,11,17,0,6.5,2,18,4,0,66.6,76.3,57.4,,57.2,0.0,0,1,50,0.0,0,421,1,29,95.5,402,37.5,158,77.9,46,0,62.0,261,357,55,1.9,12.3,0.89
Matthew Golden,156165,WR,GB,15,13.2,6,71.7,66.7,4,6,0,2.9,1,20,12,0,78.9,81.6,70.5,66.4,72.7,1.9,6,1,46,0.3,1,310,0,33,93.9,291,41.6,129,100.4,46,1,56.5,175,445,146,4.4,13.5,1.53
Tre Harris,122676,WR,LAC,18,9.7,5,69.6,75.0,6,8,0,3.0,1,20,27,0,78.4,77.3,63.3,67.7,66.6,1.2,4,1,37,0.6,2,328,2,32,97.3,319,35.7,117,89.4,46,1,62.5,205,344,151,4.7,10.8,1.08
Josh Jacobs,45953,HB,GB,16,-0.8,8,82.2,100.0,2,2,0,0.0,0,8,12,0,90.0,63.6,85.8,43.9,89.5,2.9,9,0,31,21.3,66,310,1,37,75.2,233,2.6,8,100.5,45,1,4.8,15,285,316,8.5,7.7,1.22
Rhamondre Stevenson,98689,HB,NE,16,3.2,9,86.7,50.0,1,2,1,2.5,1,14,19,1,82.6,48.5,76.3,70.5,69.0,0.0,0,0,55,23.2,96,414,1,39,72.0,298,0.7,3,121.4,45,2,5.1,21,431,368,9.4,11.1,1.45
Sam LaPorta,101690,TE,DET,9,5.7,8,88.9,100.0,7,7,0,0.0,0,23,11,0,90.1,78.3,82.0,60.6,83.2,40.1,115,0,40,11.5,33,287,1,40,85.0,244,40.4,116,134.2,45,3,18.1,52,489,273,6.8,12.2,2.0
Dontayvion Wicks,99711,WR,GB,14,11.6,3,68.2,63.6,7,11,1,9.1,3,21,12,0,58.8,77.0,70.2,79.4,71.2,3.6,9,2,30,1.6,4,253,1,30,94.1,238,48.6,123,86.6,44,2,47.8,121,332,68,2.3,11.1,1.39
TreVeyon Henderson,145059,HB,NE,19,0.3,10,84.1,0.0,0,1,1,5.1,2,7,19,0,72.0,82.5,68.4,26.7,57.4,0.3,1,0,19,14.6,46,315,3,37,81.6,257,3.5,11,95.8,44,1,7.6,24,228,251,6.8,6.2,0.89
James Cook,83666,HB,BUF,18,1.0,8,84.1,0.0,0,1,0,7.5,3,12,4,0,64.3,35.2,80.7,41.9,59.2,0.9,3,0,51,7.4,25,336,1,37,88.4,297,3.0,10,112.1,44,2,0.6,2,320,300,8.1,8.6,1.08
Travis Hunter,160766,WR,JAX,7,8.1,9,65.1,50.0,4,8,0,6.7,2,12,15,1,66.8,27.3,62.2,,62.7,0.0,0,2,44,0.0,0,238,3,28,94.5,225,64.7,154,73.6,43,1,33.6,80,298,141,5.0,10.6,1.32
Darnell Washington,124044,TE,PIT,16,5.3,12,72.1,50.0,3,6,0,11.4,4,16,25,2,50.8,20.8,70.9,68.4,65.1,68.5,191,1,36,19.7,55,279,1,31,76.0,212,16.8,47,95.5,43,1,14.7,41,364,228,7.4,11.7,1.72
Tyrone Tracy,84226,HB,NYG,15,0.5,10,83.7,33.3,1,3,0,5.3,2,14,21,1,72.6,79.7,70.2,45.5,66.0,0.0,0,0,42,17.7,61,345,2,36,78.6,271,5.5,19,110.1,43,2,8.4,29,288,327,9.1,8.0,1.06
Jaylen Warren,98692,HB,PIT,17,-2.5,24,95.3,,0,0,0,2.4,1,13,25,0,83.0,84.1,81.0,72.0,83.6,4.8,13,0,65,14.4,39,271,0,41,82.3,223,3.0,8,114.8,43,2,2.2,6,337,440,10.7,8.2,1.51
Tez Johnson,123709,WR,TB,16,12.2,6,66.7,66.7,4,6,0,3.4,1,16,30,0,65.8,77.5,63.5,62.4,64.3,0.0,0,0,45,0.3,1,318,1,28,93.4,297,39.6,126,129.2,42,5,59.4,189,322,107,3.8,11.5,1.08
JuJu Smith-Schuster,11817,WR,KC,17,5.2,7,78.6,50.0,3,6,1,2.9,1,19,16,0,70.3,77.1,56.7,72.8,60.5,1.0,4,2,30,0.7,3,413,4,33,93.7,387,44.3,183,89.0,42,1,54.7,226,345,194,5.9,10.5,0.89
Isaiah Bond,163586,WR,CLV,16,17.0,1,42.9,50.0,6,12,1,5.3,1,12,8,0,69.9,77.5,57.1,,57.3,0.0,0,1,52,0.0,0,367,1,18,93.7,344,45.5,167,61.4,42,0,54.2,199,338,84,4.7,18.8,0.98
Rachaad White,131633,HB,TB,17,-2.1,12,95.2,,0,0,0,0.0,0,10,30,0,90.2,90.2,80.9,58.2,67.1,0.0,0,0,18,19.6,80,408,0,40,74.3,303,7.4,30,88.3,42,0,5.9,24,218,329,8.2,5.5,0.72
Mike Gesicki,47153,TE,CIN,13,10.5,0,66.7,54.5,6,11,0,0.0,0,19,7,0,87.6,76.5,70.8,26.0,71.7,2.6,7,3,37,0.4,1,268,1,28,93.7,251,78.4,210,74.2,42,2,19.0,51,307,68,2.4,11.0,1.22
Michael Carter,57337,HB,ARZ,13,1.9,17,78.6,33.3,1,3,0,5.7,2,12,1,0,69.5,88.5,71.2,66.1,67.6,0.7,2,0,18,16.0,47,294,0,33,80.6,237,3.1,9,93.2,42,0,4.4,13,267,259,7.8,8.1,1.13
Tucker Kraft,104034,TE,GB,8,4.8,6,80.0,50.0,1,2,0,8.6,3,22,12,0,51.7,77.2,78.1,53.5,82.9,58.8,150,0,59,12.9,33,255,1,32,82.4,210,29.0,74,157.2,40,6,12.2,31,489,347,10.8,15.3,2.33
Woody Marks,124179,HB,HST,18,2.3,7,65.0,0.0,0,5,0,3.7,1,8,13,0,75.5,71.8,67.5,48.9,59.1,0.5,2,0,50,25.1,102,406,0,26,70.0,284,2.0,8,104.9,40,3,5.2,21,227,242,9.3,8.7,0.8
Breece Hall,97636,HB,NYJ,16,1.0,5,90.0,0.0,0,1,0,2.7,1,13,22,0,72.2,73.3,83.5,45.8,75.2,0.0,0,0,42,22.9,80,349,1,36,73.4,256,3.7,13,111.5,40,1,3.4,12,350,325,9.0,9.7,1.37
Chuba Hubbard,57373,HB,CAR,16,-1.5,7,82.1,100.0,1,1,0,11.1,4,13,5,0,51.6,77.4,69.9,48.4,60.0,0.0,0,0,35,18.5,57,308,0,32,76.9,237,2.9,9,117.5,39,3,13.6,42,236,314,9.8,7.4,1.0
Demarcus Robinson,10760,WR,SF,16,13.4,3,74.4,77.8,7,9,0,6.5,2,20,28,0,67.3,76.7,68.1,,67.1,0.0,0,0,61,0.0,0,323,0,29,95.4,308,37.5,121,122.6,39,2,62.5,202,388,92,3.2,13.4,1.26
Tommy Tremble,84025,TE,CAR,18,4.1,4,76.9,100.0,1,1,0,6.3,2,11,5,0,68.8,76.8,62.5,61.6,55.0,50.5,184,0,54,9.6,35,364,3,30,84.6,308,36.5,133,112.2,39,2,9.9,36,271,183,6.1,9.0,0.88
Tyler Higbee,10744,TE,LA,12,7.0,0,71.8,42.9,3,7,0,9.7,3,19,26,0,56.1,76.1,69.7,67.4,68.0,58.8,144,0,36,8.2,20,245,3,28,88.6,217,26.5,65,125.3,39,3,13.9,34,353,161,5.8,12.6,1.63
Tony Pollard,27126,HB,TEN,17,-0.1,5,84.6,100.0,2,2,1,8.3,3,11,31,1,63.6,51.2,67.0,58.0,51.8,0.5,2,1,29,18.6,73,393,2,33,77.4,304,4.3,17,78.0,39,0,2.8,11,206,211,6.4,6.2,0.68
Cedric Tillman,84434,WR,CLV,13,11.9,0,53.8,50.0,3,6,0,4.5,1,13,8,0,72.1,74.9,55.8,,57.4,0.0,0,2,42,0.0,0,335,2,21,94.3,316,31.9,107,71.5,39,2,68.1,228,270,61,2.9,12.9,0.85
Alvin Kamara,11822,HB,NO,11,0.8,4,84.6,0.0,0,1,0,8.3,3,7,20,2,61.2,41.1,51.7,23.4,39.5,0.0,0,0,26,16.0,48,300,0,33,80.0,240,7.7,23,86.5,39,0,5.3,16,186,201,6.1,5.6,0.78
DeAndre Hopkins,7808,WR,BLT,17,14.5,0,57.9,64.7,11,17,0,4.3,1,15,3,0,73.5,75.3,81.3,,82.3,0.0,0,1,41,0.0,0,216,0,22,93.5,202,27.3,59,93.1,38,2,72.7,157,330,67,3.0,15.0,1.63
Noah Fant,42388,TE,CIN,15,3.7,2,89.5,75.0,3,4,0,2.9,1,13,7,3,79.4,17.1,56.4,32.0,56.6,66.2,155,0,25,3.4,8,234,3,34,91.5,214,23.5,55,124.6,38,3,9.0,21,288,177,5.2,8.5,1.35
Dyami Brown,77986,WR,JAX,13,14.4,3,54.1,50.0,4,8,0,16.7,4,13,15,0,29.4,27.9,55.5,,58.0,0.0,0,1,39,0.0,0,219,2,20,93.6,205,26.0,57,70.4,37,1,74.0,162,227,36,1.8,11.4,1.11
Aaron Jones,11937,HB,MIN,12,-0.1,3,75.7,50.0,1,2,0,9.7,3,9,18,2,58.0,56.7,65.0,35.6,46.1,2.2,5,0,27,13.0,30,230,0,28,80.9,186,1.3,3,96.6,37,1,4.8,11,199,222,7.9,7.1,1.07
Joshua Palmer,62979,WR,BUF,12,11.1,0,59.5,57.1,4,7,1,4.3,1,13,4,0,72.3,74.9,58.4,,61.5,1.2,3,2,45,0.0,0,256,5,22,92.6,237,21.1,54,63.2,37,0,77.7,199,303,54,2.5,13.8,1.28
Kenneth Walker III,97199,HB,SEA,18,-1.4,9,91.9,0.0,0,1,0,5.6,2,14,29,1,70.9,84.5,90.7,35.9,68.7,1.1,3,0,46,17.9,47,262,1,34,77.9,204,12.2,32,101.7,37,0,5.7,15,311,366,10.8,9.1,1.52
Tyquan Thornton,78092,WR,KC,14,27.8,0,52.8,40.0,4,10,0,0.0,0,15,16,0,83.2,81.0,66.2,,68.4,0.0,0,0,61,0.0,0,275,1,19,93.8,258,37.5,103,124.5,36,3,62.5,172,438,62,3.3,23.1,1.7
KaVontae Turpin,47658,WR,DAL,15,9.5,6,72.2,50.0,1,2,1,13.3,4,16,9,0,45.4,74.7,61.6,67.1,64.7,0.0,0,1,86,0.4,1,267,1,26,89.9,240,72.7,194,115.0,36,2,25.5,68,396,212,8.2,15.2,1.65
Devaughn Vele,100637,WR,NO,13,12.6,0,69.4,81.8,9,11,0,0.0,0,19,20,0,86.5,75.9,72.7,72.3,74.3,3.4,9,0,17,1.9,5,267,1,25,90.6,242,41.6,111,112.4,36,2,54.7,146,293,32,1.3,11.7,1.21
Elijah Higgins,98027,TE,ARZ,17,4.0,14,85.7,33.3,2,6,1,0.0,0,15,1,1,88.0,27.5,61.5,41.0,62.7,45.2,147,1,27,2.5,8,325,4,30,92.3,300,41.5,135,90.6,35,0,10.2,33,301,211,7.0,10.0,1.0
Jaylin Noel,125155,WR,HST,19,9.9,0,74.3,50.0,1,2,0,3.7,1,13,13,0,74.9,90.7,68.2,,69.0,0.0,0,1,44,0.0,0,221,0,26,94.6,209,65.6,145,105.9,35,2,33.5,74,292,100,3.8,11.2,1.4
David Sills V,34579,WR,ATL,17,11.1,3,51.4,50.0,2,4,0,14.3,3,9,2,0,43.5,73.9,53.0,70.6,52.8,0.3,1,1,21,1.4,5,354,2,18,94.4,334,41.2,146,74.8,35,2,58.2,206,191,59,3.3,10.6,0.57
Dylan Sampson,163772,HB,CLV,15,-1.3,8,94.3,,0,0,1,2.9,1,8,8,1,78.9,65.3,65.8,23.0,80.6,6.9,12,0,66,10.4,18,173,1,33,84.4,146,9.8,17,118.0,35,2,10.4,18,271,324,9.8,8.2,1.86
Calvin Ridley,48262,WR,TEN,7,13.5,2,48.6,14.3,1,7,0,15.0,3,13,31,0,41.9,73.6,67.8,,66.7,0.0,0,1,47,0.0,0,171,1,17,93.6,160,24.6,42,66.7,35,0,75.4,129,303,86,5.1,17.8,1.89
Rashod Bateman,84296,WR,BLT,13,12.7,2,54.3,40.0,2,5,0,13.6,3,12,3,0,46.6,74.4,55.0,49.9,54.6,0.0,0,1,36,0.0,0,335,2,19,95.2,319,11.3,38,81.1,35,2,88.4,296,224,42,2.2,11.8,0.7
Isaiah Williams,97156,WR,NYJ,11,3.1,2,76.5,50.0,1,2,0,3.7,1,10,22,0,74.9,67.6,61.4,62.4,61.6,0.0,0,0,25,0.5,1,220,1,26,97.3,214,66.8,147,89.5,34,0,32.7,72,193,122,4.7,7.4,0.9
Omarion Hampton,162750,HB,LAC,10,-1.6,3,94.1,75.0,3,4,0,0.0,0,7,27,1,88.7,74.3,77.3,16.3,67.7,1.3,3,0,22,17.4,41,236,0,32,78.4,185,4.7,11,100.0,34,1,3.4,8,192,248,7.8,6.0,1.04
Kyle Monangai,129891,HB,CHI,19,0.2,8,67.6,0.0,0,2,1,14.8,4,10,6,0,41.6,90.7,67.4,29.2,44.4,6.2,20,1,34,16.1,52,323,1,23,79.3,256,1.2,4,73.4,34,0,4.3,14,222,229,10.0,9.7,0.87
Jahan Dotson,84375,WR,PHI,18,15.8,0,52.9,50.0,3,6,0,0.0,0,10,24,0,83.2,81.7,54.1,52.8,53.0,0.2,1,3,51,0.2,1,462,1,18,94.6,437,41.3,191,51.3,34,1,58.4,270,262,50,2.8,14.6,0.6
Adam Thielen,8288,WR,PIT,17,8.9,2,61.8,50.0,5,10,1,12.5,3,12,25,0,49.3,74.9,54.1,62.3,57.3,0.4,1,0,28,0.4,1,278,2,21,94.2,262,54.7,152,79.4,34,0,44.6,124,211,55,2.6,10.0,0.81
Isaiah Likely,83955,TE,BLT,14,7.9,3,79.4,66.7,2,3,0,3.6,1,11,3,2,75.5,18.6,56.4,46.1,57.0,14.5,39,0,43,5.6,15,269,5,27,88.5,238,73.2,197,114.1,34,1,11.2,30,307,122,4.5,11.4,1.29
Darren Waller,9637,TE,MIA,9,11.9,0,70.6,62.5,5,8,0,0.0,0,19,17,0,85.7,76.3,82.8,62.4,87.6,21.1,36,0,34,0.6,1,171,1,24,94.7,162,40.9,70,135.2,34,6,38.0,65,283,69,2.9,11.8,1.75
Ja'Tavion Sanders,144717,TE,CAR,12,5.2,5,87.9,33.3,1,3,0,6.5,2,8,5,0,57.0,76.3,51.6,75.2,50.2,23.8,62,0,18,6.9,18,260,1,29,88.1,229,58.1,151,100.8,33,1,16.5,43,190,85,2.9,6.6,0.83
Greg Dortch,42237,WR,ARZ,12,1.7,12,87.9,50.0,2,4,0,6.5,2,10,1,0,68.1,63.6,62.3,,61.4,0.0,0,0,39,0.0,0,226,1,29,95.1,215,71.7,162,123.0,33,3,24.8,56,206,199,6.9,7.1,0.96
Bucky Irving,144970,HB,TB,10,-2.2,14,90.9,50.0,1,2,0,6.3,2,11,30,0,70.5,78.4,67.8,22.6,68.2,0.0,0,0,72,13.9,33,237,0,30,78.5,186,4.6,11,131.9,33,3,7.6,18,277,358,11.9,9.2,1.49
Noah Gray,60878,TE,KC,16,6.2,1,63.6,100.0,3,3,0,8.7,2,9,16,0,61.3,75.1,57.7,72.6,52.4,53.7,173,0,28,14.6,47,322,1,21,78.6,253,29.2,94,77.6,33,0,15.2,49,178,111,5.3,8.5,0.7
Jalen Tolbert,61637,WR,DAL,13,12.4,2,54.5,40.0,4,10,0,5.3,1,12,9,0,70.5,78.1,60.4,,61.2,0.0,0,1,35,0.0,0,284,1,18,93.0,264,45.4,129,70.6,33,1,54.6,155,203,49,2.7,11.3,0.77
Davis Allen,99697,TE,LA,19,4.6,2,72.7,0.0,0,4,0,7.7,2,12,26,0,64.1,75.7,61.9,68.9,58.3,60.2,162,0,27,19.0,51,269,4,24,75.8,204,15.6,42,119.3,33,3,19.3,52,208,139,5.8,8.7,1.02
Kyle Juszczyk,7912,FB,SF,19,4.3,2,87.9,75.0,3,4,0,0.0,0,13,28,0,87.3,77.5,64.7,84.3,66.2,35.4,97,0,27,7.7,21,274,1,29,88.3,242,32.1,88,121.3,33,2,12.0,33,273,150,5.2,9.4,1.13
Quinshon Judkins,157128,HB,CLV,14,-0.7,5,78.8,60.0,3,5,0,3.7,1,7,8,0,76.3,91.0,66.6,19.1,64.2,2.6,5,1,58,12.8,25,195,0,26,83.6,163,2.1,4,75.6,33,0,3.6,7,171,193,7.4,6.6,1.05
Brashard Smith,143951,HB,KC,17,-1.4,7,75.8,,0,0,0,7.4,2,7,16,0,63.4,87.5,67.3,73.2,76.4,0.9,1,0,17,1.8,2,114,0,25,94.7,108,22.8,26,97.0,33,1,18.4,21,172,236,9.4,6.9,1.59
Luke Musgrave,98499,TE,GB,18,8.7,0,75.8,20.0,1,5,0,7.4,2,11,12,1,63.2,25.9,53.9,77.4,57.8,58.9,162,0,26,7.3,20,275,1,25,89.5,246,27.6,76,98.2,33,0,13.5,37,261,78,3.1,10.4,1.06
Marquez Valdes-Scantling,47809,WR,PIT,11,11.8,0,53.1,16.7,1,6,0,5.6,1,7,25,1,67.7,23.4,49.2,,51.1,0.0,0,0,19,0.0,0,267,1,17,96.6,258,27.3,73,75.8,32,1,72.7,194,146,36,2.1,8.6,0.57
Greg Dulcich,84068,TE,MIA,10,5.6,4,83.9,71.4,5,7,0,0.0,0,14,17,1,75.5,26.4,77.4,28.3,80.6,48.1,75,0,29,3.2,5,156,0,26,92.9,145,34.6,54,122.4,31,1,16.7,26,335,196,7.5,12.9,2.31
Jeremy McNichols,11917,HB,WAS,17,-0.7,7,80.6,100.0,1,1,2,3.8,1,10,32,0,74.2,53.6,66.7,57.4,60.5,0.0,0,1,24,20.8,56,269,5,25,72.5,195,20.1,54,79.6,31,0,2.2,6,196,222,8.9,7.8,1.01
Jaylin Lane,121811,WR,WAS,14,14.9,0,51.6,37.5,3,8,2,15.8,3,10,32,0,41.9,50.3,59.5,,59.7,0.0,0,2,41,0.0,0,222,3,16,92.3,205,37.8,84,48.5,31,0,62.2,138,225,39,2.4,14.1,1.1
Ty Johnson,45769,HB,BUF,17,-1.2,9,77.4,0.0,0,1,0,7.7,2,13,4,1,62.3,57.9,64.9,26.4,64.5,5.3,14,0,52,11.1,29,262,0,24,82.4,216,18.3,48,123.5,31,2,13.0,34,263,310,12.9,11.0,1.22
Cam Skattebo,147787,HB,NYG,8,0.3,7,80.0,0.0,0,2,0,4.0,1,11,21,0,73.5,68.9,80.5,11.6,82.7,0.0,0,0,21,12.8,21,164,1,24,81.7,134,4.9,8,117.6,30,2,4.9,8,207,207,8.6,8.6,1.54
Terrance Ferguson,146563,TE,LA,14,18.0,0,40.0,14.3,1,7,0,7.7,1,10,26,0,63.5,72.9,67.5,74.0,63.9,27.5,56,1,36,2.0,4,204,2,12,91.2,186,47.5,97,89.6,30,3,23.5,48,250,41,3.4,20.8,1.34
Dont'e Thornton Jr.,146547,WR,LV,14,17.9,0,33.3,20.0,3,15,0,16.7,2,7,23,0,45.7,71.9,51.7,,52.7,0.0,0,3,36,0.0,0,267,1,10,94.8,253,31.1,83,9.0,30,0,68.9,184,135,38,3.8,13.5,0.53
Malik Nabers,146759,WR,NYG,4,18.2,2,60.0,42.9,3,7,0,10.0,2,11,21,0,56.1,73.9,71.9,,71.4,0.0,0,2,48,0.0,0,145,0,18,92.4,134,24.1,35,84.2,30,2,75.9,110,271,51,2.8,15.1,2.02
Tyler Badie,83714,HB,DEN,17,-0.8,2,66.7,,0,0,0,16.7,4,9,10,0,38.5,82.4,58.6,81.1,49.0,5.2,10,0,19,20.8,40,192,1,20,75.0,144,1.0,2,78.2,30,0,1.0,2,148,213,10.7,7.4,1.03
Jerome Ford,83601,HB,CLV,13,-1.6,3,86.7,66.7,2,3,0,10.3,3,4,8,0,54.9,83.8,55.4,52.9,49.4,8.6,21,0,17,26.6,65,244,0,26,69.3,169,0.4,1,81.0,30,0,3.7,9,103,153,5.9,4.0,0.61
Austin Hooper,10715,TE,NE,18,9.6,0,73.3,66.7,4,6,0,0.0,0,14,19,0,84.5,75.4,67.1,63.8,70.4,72.6,191,1,31,13.7,36,263,2,22,82.9,218,12.2,32,110.0,30,2,14.4,38,277,102,4.6,12.6,1.27
Jayden Reed,78171,WR,GB,8,9.5,4,79.3,25.0,1,4,0,8.0,2,10,12,0,62.3,77.5,70.2,65.9,70.9,2.6,4,0,31,0.6,1,156,1,23,96.2,150,70.5,110,125.6,29,2,24.4,38,250,101,4.4,10.9,1.67
Tyreek Hill,10799,WR,MIA,4,13.1,2,72.4,100.0,3,3,0,4.5,1,17,17,0,72.1,76.1,82.1,,81.0,0.0,0,1,47,0.0,0,112,0,21,92.9,104,41.1,46,97.6,29,1,58.0,65,265,61,2.9,12.6,2.55
Bam Knight,97432,HB,ARZ,9,0.7,2,75.9,0.0,0,1,0,4.3,1,10,1,0,72.1,68.0,69.5,39.0,67.4,0.0,0,0,20,22.8,41,180,0,22,73.3,132,4.4,8,99.8,29,1,5.6,10,160,156,7.1,7.3,1.21
Jack Bech,146771,WR,LV,15,9.4,1,71.4,55.6,5,9,0,4.8,1,11,23,0,70.5,74.4,59.9,72.6,61.2,1.4,3,2,37,1.4,3,210,2,20,91.9,193,27.6,58,65.2,28,0,71.0,149,224,68,3.4,11.2,1.16
Jeremy Ruckert,84029,TE,NYJ,17,3.8,1,82.1,66.7,2,3,0,8.0,2,8,22,0,61.8,75.1,56.5,51.6,55.0,70.2,172,0,24,20.4,50,245,3,23,76.3,187,15.5,38,105.2,28,1,10.6,26,179,103,4.5,7.8,0.96
Kalif Raymond,11028,WR,DET,14,5.9,2,85.7,100.0,3,3,0,4.0,1,14,11,0,73.5,88.8,70.0,,68.5,0.4,1,0,30,0.0,0,223,1,24,97.3,217,41.3,92,121.6,28,1,58.3,130,289,164,6.8,12.0,1.33
Isaiah Davis,138299,HB,NYJ,16,1.2,3,77.8,33.3,1,3,0,4.5,1,8,22,0,73.0,85.2,69.0,56.6,72.0,0.0,0,0,26,27.3,62,227,0,21,70.0,159,6.6,15,95.4,27,0,2.6,6,186,192,9.1,8.9,1.17
Justice Hill,45865,HB,BLT,10,-0.5,9,77.8,100.0,1,1,0,4.5,1,6,3,0,71.5,39.1,63.7,37.5,62.1,0.0,0,0,37,22.4,39,174,0,21,72.4,126,8.6,15,105.1,27,1,4.0,7,169,189,9.0,8.0,1.34
Daniel Bellinger,84041,TE,NYG,16,9.3,2,73.1,25.0,1,4,0,5.0,1,14,21,0,70.5,74.4,62.5,68.2,63.0,37.8,104,0,44,18.5,51,275,3,19,76.4,210,34.5,95,134.5,26,2,10.9,30,286,134,7.1,15.1,1.36
David Montgomery,45719,HB,DET,17,0.1,4,92.3,,0,0,0,0.0,0,11,11,1,85.3,77.0,75.3,58.0,78.4,0.0,0,0,23,22.3,52,233,0,24,73.4,171,0.0,0,97.4,26,0,1.3,3,192,201,8.4,8.0,1.12
Lil'Jordan Humphrey,42247,WR,DEN,11,13.5,0,57.7,40.0,2,5,0,6.3,1,10,10,0,65.6,73.0,57.5,76.7,58.4,1.3,3,1,34,1.3,3,225,1,15,93.3,210,38.7,87,90.1,26,2,60.0,135,189,33,2.2,12.6,0.9
Isaac TeSlaa,172430,WR,DET,17,14.8,1,61.5,55.6,5,9,0,0.0,0,14,11,0,81.7,73.3,63.1,65.7,63.3,0.3,1,1,29,0.3,1,312,1,16,94.9,296,28.8,90,115.2,26,6,70.5,220,239,55,3.4,14.9,0.81
Isiah Pacheco,83747,HB,KC,13,-1.2,2,73.1,0.0,0,1,0,17.4,4,4,16,0,35.5,89.5,58.6,67.2,35.6,1.1,3,0,31,10.2,29,285,1,19,84.9,242,3.9,11,92.0,26,1,4.6,13,101,122,6.4,5.3,0.42
Konata Mumpfield,145598,WR,LA,18,11.9,0,52.0,16.7,1,6,0,0.0,0,8,26,0,80.0,72.3,56.6,,55.4,0.9,2,1,19,0.0,0,217,0,13,95.9,208,23.0,50,61.1,25,1,76.0,165,114,40,3.1,8.8,0.55
Tim Patrick,12087,WR,JAX,16,12.4,2,60.0,42.9,3,7,1,16.7,3,10,15,0,39.8,73.3,61.4,60.2,62.2,0.0,0,1,37,1.6,3,185,3,15,91.9,170,41.1,76,106.2,25,3,58.9,109,187,53,3.5,12.5,1.1
Kyle Williams,128374,WR,NE,19,18.6,0,44.0,14.3,1,7,0,15.4,2,8,19,0,43.5,78.8,60.8,65.7,59.8,0.0,0,0,72,0.5,1,216,1,11,93.5,202,10.2,22,114.3,25,3,89.8,194,216,78,7.1,19.6,1.07
Adam Trautman,109795,TE,DEN,18,5.4,5,80.0,100.0,1,1,1,4.8,1,11,10,0,70.5,75.0,57.6,71.4,58.3,69.0,236,0,26,29.5,101,342,7,20,66.7,228,21.6,74,112.5,25,1,7.9,27,195,102,5.1,9.8,0.86
Jordan Whittington,97623,WR,LA,17,6.6,2,80.0,0.0,0,1,1,0.0,0,9,26,0,84.5,82.1,55.7,43.2,58.4,1.9,5,0,40,3.4,9,264,2,20,90.9,240,57.6,152,101.0,25,0,39.8,105,206,121,6.1,10.3,0.86
Elijah Arroyo,143933,TE,SEA,13,9.0,0,62.5,57.1,4,7,0,0.0,0,7,29,1,81.1,22.4,55.2,75.9,52.3,58.0,101,3,32,4.0,7,174,1,15,90.8,158,23.0,40,59.5,24,1,16.7,29,179,66,4.4,11.9,1.13
Kareem Hunt,11841,HB,KC,17,0.0,4,75.0,0.0,0,1,0,5.3,1,8,16,0,70.7,61.0,72.2,63.6,53.2,1.4,5,1,22,14.5,50,346,2,18,79.8,276,3.8,13,85.9,24,1,2.6,9,143,155,8.6,7.9,0.52
Hunter Renfrow,47509,WR,CAR,6,8.3,0,62.5,50.0,3,6,1,6.3,1,8,5,0,65.9,75.8,56.9,,57.6,0.0,0,0,15,0.0,0,165,1,15,90.3,149,80.0,132,97.4,24,2,20.0,33,89,21,1.4,5.9,0.6
Tyrell Shavers,61107,WR,BUF,17,13.6,1,66.7,33.3,1,3,0,0.0,0,11,4,0,81.7,73.3,60.5,80.9,61.3,9.5,23,0,43,2.9,7,243,3,16,92.6,225,26.3,64,116.5,24,1,63.8,155,259,69,4.3,16.2,1.15
Kevin Austin Jr.,84345,WR,NO,7,8.4,0,56.5,0.0,0,3,0,18.8,3,7,20,0,37.9,73.0,57.9,77.4,56.9,1.2,2,0,36,1.2,2,161,1,13,95.0,153,37.3,60,89.0,23,1,61.5,99,140,57,4.4,10.8,0.92
Tanner Hudson,66924,TE,CIN,12,6.0,3,82.6,40.0,2,5,0,0.0,0,8,7,0,83.2,74.1,73.1,64.9,73.6,31.9,37,1,33,0.9,1,116,0,19,96.6,112,46.6,54,108.0,23,2,19.0,22,168,85,4.5,8.8,1.5
Mitchell Tinsley,123470,WR,CIN,17,16.2,0,34.8,33.3,3,9,0,27.3,3,6,7,0,28.8,73.4,56.5,67.6,56.7,3.2,5,0,27,1.3,2,158,1,8,94.3,149,19.6,31,81.1,23,2,75.9,120,116,15,1.9,14.5,0.78
Zach Charbonnet,97630,HB,SEA,17,1.5,4,87.0,,0,0,0,4.8,1,7,29,0,70.5,90.6,86.6,47.8,56.4,2.1,6,0,21,23.9,67,280,0,20,72.1,202,4.6,13,92.8,23,0,2.5,7,144,122,6.1,7.2,0.71
Luke Schoonmaker,84005,TE,DAL,17,7.0,1,60.9,33.3,2,6,0,6.7,1,7,9,0,65.6,73.0,55.1,54.1,58.6,70.6,132,0,29,23.5,44,187,2,14,73.8,138,21.9,41,76.7,23,0,7.5,14,132,85,6.1,9.4,0.96
Kimani Vidal,123727,HB,LAC,14,0.5,4,78.3,,0,0,0,0.0,0,6,27,0,82.7,78.1,73.4,55.5,62.5,0.6,2,0,60,27.7,97,350,1,18,70.0,245,3.4,12,109.4,23,1,1.7,6,156,186,10.3,8.7,0.64
Mitchell Evans,147486,TE,CAR,18,4.0,2,86.4,,0,0,0,5.0,1,9,5,0,69.6,74.5,66.3,66.7,64.8,78.5,139,1,25,14.7,26,177,4,19,81.4,144,17.5,31,110.4,22,2,4.0,7,171,107,5.6,9.0,1.19
Xavier Smith,102585,WR,LA,16,16.2,0,81.8,0.0,0,1,1,0.0,0,11,26,0,82.7,90.0,68.4,68.5,69.0,0.0,0,1,51,1.6,3,185,4,18,93.0,172,71.4,132,99.8,22,0,27.6,51,303,108,6.0,16.8,1.76
Treylon Burks,99218,WR,WAS,8,14.2,1,45.5,33.3,2,6,0,0.0,0,7,32,0,78.7,72.8,62.9,,64.6,0.0,0,2,37,0.0,0,168,1,10,91.1,153,20.8,35,41.9,22,1,78.6,132,130,36,3.6,13.0,0.85
Tory Horton,128232,WR,SEA,8,16.5,1,59.1,33.3,2,6,0,0.0,0,7,29,0,81.1,83.7,70.1,62.4,69.1,0.0,0,0,25,0.7,1,149,1,13,92.6,138,22.1,33,121.4,22,5,77.9,116,161,28,2.2,12.4,1.17
Chris Moore,10741,WR,WAS,14,15.4,0,52.4,42.9,3,7,1,21.4,3,10,32,0,29.9,75.6,55.9,,57.3,0.0,0,0,44,0.0,0,257,1,11,90.3,232,19.1,49,102.7,21,1,80.9,208,207,55,5.0,18.8,0.89
Cade Stover,101486,TE,HST,11,2.1,1,71.4,75.0,3,4,0,11.8,2,4,13,0,51.2,76.4,55.0,56.7,52.6,76.7,102,0,11,15.8,21,133,2,15,78.9,105,15.0,20,79.7,21,0,7.5,10,91,62,4.1,6.1,0.87
Josh Reynolds,11872,WR,NYJ,5,13.6,3,52.4,25.0,2,8,0,8.3,1,4,22,0,63.2,72.3,61.6,,61.8,0.0,0,2,13,0.0,0,172,0,11,93.0,160,21.5,37,26.2,21,0,78.5,135,101,14,1.3,9.2,0.63
Gabe Davis,55410,WR,BUF,7,9.4,0,66.7,71.4,5,7,1,12.5,2,9,4,0,49.6,72.7,61.2,,59.2,1.9,3,1,22,0.0,0,157,1,14,96.2,151,13.4,21,82.0,21,1,84.7,133,143,32,2.3,10.2,0.95
Roman Wilson,129604,WR,PIT,13,13.8,1,60.0,25.0,1,4,0,0.0,0,7,25,1,80.0,20.2,59.8,,58.7,0.0,0,0,45,0.0,0,164,0,12,94.5,155,20.1,33,120.0,20,2,79.9,131,166,67,5.6,13.8,1.07
Samaje Perine,11869,HB,CIN,14,-1.6,7,85.0,100.0,1,1,0,5.6,1,5,7,0,69.0,29.2,66.6,39.1,60.3,4.1,10,0,16,19.9,48,241,0,17,75.9,183,0.8,2,84.8,20,0,1.7,4,87,111,6.5,5.1,0.48
Brock Wright,60994,TE,DET,11,2.4,0,73.7,0.0,0,1,0,6.7,1,7,11,0,64.7,73.4,52.5,53.2,54.2,64.1,116,2,20,28.2,51,181,2,14,69.1,125,20.4,37,82.7,19,2,8.3,15,108,83,5.9,7.7,0.86
Nick Chubb,45783,HB,HST,17,1.3,1,68.4,50.0,1,2,0,7.1,1,1,13,0,64.4,90.1,72.1,45.5,52.1,0.0,0,0,27,28.4,61,215,0,13,66.5,143,0.5,1,73.8,19,0,2.3,5,67,63,4.8,5.2,0.47
Mo Alie-Cox,12078,TE,IND,17,5.5,1,68.4,25.0,1,4,0,7.1,1,4,14,0,63.2,72.3,67.4,81.3,58.0,91.5,184,1,20,38.3,77,201,1,13,58.2,117,7.0,14,80.4,19,1,1.0,2,117,78,6.0,9.0,1.0
Julian Hill,88685,TE,MIA,14,3.7,2,78.9,,0,0,1,6.3,1,6,17,0,67.7,73.6,53.7,66.8,56.1,70.2,146,1,20,31.7,66,208,2,15,63.9,133,15.9,33,75.4,19,0,4.3,9,140,112,7.5,9.3,1.05
Jackson Hawes,109374,TE,BUF,19,7.2,4,84.2,66.7,2,3,0,5.9,1,13,4,0,66.7,73.3,83.1,78.1,81.8,77.4,127,0,29,32.3,53,164,1,16,65.2,107,18.3,30,147.3,19,3,4.3,7,187,92,5.8,11.7,1.75
Devin Singletary,40485,HB,NYG,17,-0.8,7,94.7,100.0,1,1,0,5.3,1,4,21,0,70.5,90.1,71.1,67.0,58.7,0.0,0,0,41,25.3,43,170,1,18,69.4,118,3.5,6,99.8,19,0,10.0,17,151,164,9.1,8.4,1.28
Devin Neal,144558,HB,NO,9,-2.1,5,89.5,50.0,1,2,0,5.6,1,4,20,0,68.7,85.8,58.8,57.8,58.8,0.0,0,0,18,18.8,34,181,0,17,77.3,140,1.7,3,89.5,19,0,5.5,10,104,138,8.1,6.1,0.74
Derrick Henry,10679,HB,BLT,17,0.9,5,78.9,,0,0,0,6.3,1,4,3,0,65.6,56.9,80.4,65.9,59.1,0.0,0,1,44,22.2,46,207,1,15,74.4,154,1.0,2,77.6,19,0,0.5,1,150,139,9.3,10.0,0.97
Brycen Tremayne,84425,WR,CAR,17,8.7,2,77.8,50.0,1,2,0,0.0,0,7,5,1,80.6,22.6,62.1,61.6,62.1,1.6,2,0,26,0.8,1,125,0,14,92.0,115,34.4,43,103.7,18,0,61.6,77,160,54,3.9,11.4,1.39
Josh Oliver,47083,TE,MIN,15,2.8,1,83.3,50.0,1,2,0,0.0,0,9,18,0,81.7,74.0,70.8,66.6,72.9,80.9,140,1,32,25.4,44,173,2,15,69.4,120,13.9,24,120.1,18,4,4.0,7,160,103,6.9,10.7,1.33
Emari Demercado,77763,HB,ARZ,11,1.2,2,72.2,100.0,1,1,1,13.3,2,3,1,0,47.7,41.7,53.9,46.0,54.0,0.0,0,0,34,18.1,27,149,1,13,77.9,116,4.7,7,104.2,18,1,4.7,7,101,85,6.5,7.8,0.87
Nick Westbrook-Ikhine,47861,WR,MIA,14,5.7,2,61.1,50.0,1,2,0,21.4,3,8,17,0,31.0,71.9,51.5,70.7,49.4,0.0,0,1,18,1.7,4,235,0,11,94.5,222,40.4,95,50.5,18,0,59.6,140,89,29,2.6,8.1,0.4
Chris Brooks,83644,HB,GB,18,0.5,5,77.8,,0,0,0,12.5,2,3,12,0,49.8,80.2,69.5,70.8,52.6,5.7,9,0,16,22.3,35,157,0,14,76.4,120,5.7,9,90.3,18,0,5.1,8,102,109,7.8,7.3,0.85
Allen Lazard,48135,WR,NYJ,10,11.4,0,55.6,37.5,3,8,0,0.0,0,4,22,0,78.0,71.1,49.8,76.2,52.0,0.0,0,1,10,1.2,2,173,2,10,91.9,159,46.8,81,60.0,18,1,53.2,92,70,36,3.6,7.0,0.44
Mason Tipton,109617,WR,NO,12,8.8,1,64.7,0.0,0,3,0,0.0,0,4,20,0,79.4,28.1,53.7,,54.2,0.0,0,1,12,0.0,0,186,0,11,95.2,177,32.3,60,50.1,17,0,67.7,126,76,40,3.6,6.9,0.43
Ameer Abdullah,9487,HB,IND,13,-0.4,6,94.1,100.0,1,1,0,0.0,0,4,14,0,81.7,43.2,70.5,44.2,81.7,0.0,0,0,15,11.8,8,68,0,16,85.3,58,7.4,5,90.9,17,0,4.4,3,99,106,6.6,6.2,1.71
Drew Sample,47259,TE,CIN,17,-0.1,1,88.2,50.0,1,2,1,0.0,0,5,7,0,81.1,73.0,53.9,67.8,45.9,64.2,199,0,27,23.9,74,310,2,15,72.3,224,8.1,25,112.3,17,1,4.2,13,106,106,7.1,7.1,0.47
Isaiah Hodgins,52130,WR,NYG,7,11.5,1,58.8,66.7,2,3,0,0.0,0,6,21,0,78.0,71.1,54.6,67.5,56.3,1.3,3,0,30,0.4,1,224,1,10,91.1,204,36.6,82,98.9,17,1,62.1,139,115,18,1.8,11.5,0.56
Johnny Mundt,12206,TE,JAX,17,6.1,2,52.9,0.0,0,3,0,25.0,3,6,15,0,29.1,70.6,59.6,78.9,46.6,74.6,135,0,21,18.2,33,181,3,9,75.7,137,17.1,31,73.4,17,0,6.6,12,111,76,8.4,12.3,0.81
Elijah Moore,84302,WR,DEN,9,8.4,2,52.9,20.0,1,5,0,10.0,1,4,10,0,56.7,74.5,63.0,,60.4,0.0,0,1,31,0.0,0,113,0,9,95.6,108,38.9,44,49.1,17,0,59.3,67,112,57,6.3,12.4,1.04
Blake Corum,129574,HB,LA,19,1.5,2,62.5,,0,0,0,23.1,3,2,26,0,29.5,90.5,77.1,54.8,33.6,0.0,0,0,14,30.7,65,212,0,10,64.6,137,7.1,15,66.9,16,0,1.4,3,49,46,4.6,4.9,0.36
John FitzPatrick,83974,TE,GB,15,2.8,1,75.0,,0,0,2,14.3,2,4,12,0,31.3,71.9,56.3,73.6,47.5,74.0,114,0,11,16.9,26,154,6,12,77.3,119,15.6,24,104.2,16,1,7.8,12,72,55,4.6,6.0,0.61
Emanuel Wilson,154173,HB,GB,17,-2.7,6,93.8,,0,0,0,6.3,1,5,12,1,52.8,73.3,63.7,49.5,37.0,2.1,4,0,25,24.2,47,194,0,15,71.6,139,4.6,9,92.4,16,0,5.7,11,99,136,9.1,6.6,0.71
Tyler Allgeier,83639,HB,ATL,17,-1.9,2,87.5,,0,0,0,6.7,1,3,2,0,65.6,90.1,71.5,70.7,56.3,0.0,0,0,31,23.5,35,149,0,14,71.8,107,2.0,3,91.7,16,0,3.4,5,96,120,8.6,6.9,0.9
Zay Jones,11792,WR,ARZ,8,13.9,1,75.0,50.0,1,2,0,0.0,0,7,1,0,61.8,71.9,58.1,,57.7,0.0,0,1,43,0.0,0,190,1,12,91.1,173,28.4,54,86.2,16,0,71.6,136,183,33,2.8,15.3,1.06
Tanner Conner,22777,TE,NYG,9,8.4,0,60.0,50.0,1,2,0,18.2,2,3,21,0,38.7,70.6,46.2,38.6,46.3,45.5,60,1,28,9.1,12,132,0,9,86.4,114,40.9,54,49.6,15,0,12.9,17,91,37,4.1,10.1,0.8
Taysom Hill,12112,TE,NO,13,1.3,1,73.3,0.0,0,1,0,21.4,3,2,20,1,31.9,30.0,53.4,41.0,50.7,14.1,14,0,17,5.1,5,99,2,11,83.8,83,32.3,32,88.5,15,0,25.3,25,91,88,8.0,8.3,1.1
Will Dissly,30762,TE,LAC,10,4.1,1,73.3,0.0,0,3,0,8.3,1,5,27,0,60.2,71.5,60.3,74.3,55.4,65.8,73,0,18,10.8,12,111,1,11,87.4,97,18.0,20,90.1,15,0,15.3,17,97,68,6.2,8.8,1.0
Luke Farrell,42353,TE,SF,19,2.8,1,80.0,66.7,2,3,0,7.7,1,6,28,1,62.1,20.9,58.8,46.2,46.8,78.2,151,1,11,18.7,36,193,1,12,78.8,152,13.0,25,102.4,15,2,8.3,16,86,56,4.7,7.2,0.57
Tyler Johnson,48054,WR,NYJ,11,13.4,2,80.0,66.7,2,3,0,14.3,2,8,22,0,45.7,71.9,58.4,24.4,60.0,0.0,0,0,35,1.1,2,176,1,12,95.5,168,40.9,72,141.0,15,1,59.1,104,197,66,5.5,16.4,1.17
Zavier Scott,55123,HB,MIN,9,0.3,2,93.3,100.0,1,1,0,0.0,0,7,18,0,81.1,24.5,71.4,74.3,85.0,1.4,1,1,20,16.2,12,74,0,14,78.4,58,16.2,12,88.3,15,1,10.8,8,98,107,7.6,7.0,1.69
Hunter Long,60859,TE,JAX,9,4.1,0,80.0,100.0,1,1,0,20.0,3,5,15,1,33.5,25.0,56.1,64.2,52.2,51.9,81,0,11,12.8,20,156,2,12,84.0,131,27.6,43,129.9,15,2,18.6,29,85,34,2.8,7.1,0.65
Jordan Mason,62946,HB,MIN,16,-3.7,2,93.3,,0,0,1,0.0,0,1,18,1,80.6,44.6,73.5,25.1,42.0,5.2,12,0,13,28.1,65,231,1,14,69.3,160,1.7,4,80.8,15,0,3.0,7,51,104,7.4,3.6,0.32
Tutu Atwell,77965,WR,LA,11,20.4,0,40.0,16.7,1,6,1,0.0,0,4,26,0,74.6,68.8,56.9,,57.3,0.0,0,1,88,0.0,0,169,1,6,92.9,157,63.9,108,81.9,15,1,36.1,61,192,65,10.8,32.0,1.22
Hunter Luepke,91319,FB,DAL,17,0.1,5,86.7,0.0,0,1,0,7.1,1,6,9,0,63.2,78.0,60.5,54.3,70.6,3.8,5,0,15,29.2,38,130,0,13,65.4,85,4.6,6,119.2,15,1,4.6,6,109,114,8.8,8.4,1.28
Ray Davis,101072,HB,BUF,19,-0.5,2,80.0,0.0,0,1,0,7.7,1,9,4,0,61.8,68.3,70.4,64.8,66.0,3.4,4,0,24,16.8,20,119,0,12,79.8,95,5.0,6,139.3,15,2,4.2,5,119,141,11.8,9.9,1.25
Luke McCaffrey,101634,WR,WAS,7,15.0,0,73.3,100.0,2,2,0,0.0,0,6,32,0,80.6,82.6,72.6,,72.2,0.0,0,0,50,0.0,0,119,1,11,89.1,106,43.7,52,154.9,15,3,56.3,67,203,73,6.6,18.5,1.92
Arian Smith,124039,WR,NYJ,16,14.7,1,46.7,16.7,1,6,1,0.0,0,4,22,0,76.5,74.2,48.4,65.6,48.8,0.0,0,1,23,0.4,1,258,2,7,95.0,245,42.6,110,27.6,15,0,57.0,147,52,30,4.3,7.4,0.21
Jalen McMillan,131905,WR,TB,4,11.8,1,80.0,100.0,2,2,0,14.3,2,8,30,0,46.0,72.5,66.3,,67.5,0.0,0,1,33,0.0,0,86,0,12,96.5,83,19.8,17,88.3,15,0,80.2,69,178,58,4.8,14.8,2.14
Jimmy Horn Jr.,144483,WR,CAR,14,8.1,2,73.3,,0,0,0,15.4,2,4,5,0,46.0,75.8,61.3,,60.0,1.0,1,0,34,0.0,0,102,0,11,95.1,97,70.6,72,93.2,15,0,23.5,24,108,67,6.1,9.8,1.11
J.K. Dobbins,57366,HB,DEN,10,-2.3,1,78.6,0.0,0,1,0,15.4,2,0,10,0,43.8,90.2,76.8,60.3,46.6,0.0,0,0,9,22.8,36,158,1,11,72.2,114,1.3,2,79.2,14,0,0.6,1,37,56,5.1,3.4,0.32
John Bates,42275,TE,WAS,15,4.7,0,78.6,0.0,0,2,0,8.3,1,6,32,0,60.2,71.5,57.3,61.6,55.3,76.1,159,0,22,32.5,68,209,2,11,63.2,132,12.0,25,121.1,14,1,5.3,11,103,69,6.3,9.4,0.78
Jalin Hyatt,124282,WR,NYG,7,20.0,0,35.7,25.0,1,4,0,16.7,1,2,21,0,46.3,72.7,46.5,,47.3,0.0,0,3,14,0.0,0,118,0,5,93.2,110,18.6,22,4.8,14,0,81.4,96,35,2,0.4,7.0,0.32
Ben Sinnott,122616,TE,WAS,15,7.4,2,78.6,100.0,1,1,0,0.0,0,5,32,0,78.7,71.5,62.9,41.1,62.9,53.9,69,0,36,11.7,15,128,3,11,82.0,105,31.3,40,124.4,14,1,7.8,10,114,63,5.7,10.4,1.09
Trey Benson,131705,HB,ARZ,4,0.3,4,92.9,,0,0,0,0.0,0,2,1,0,80.0,80.8,62.3,57.0,62.7,0.0,0,1,12,8.3,7,84,0,13,85.7,72,6.0,5,56.0,14,0,9.5,8,64,72,5.5,4.9,0.89
Gunner Olszewski,95015,WR,NYG,10,11.2,0,76.9,100.0,2,2,0,0.0,0,7,21,0,78.0,61.9,76.7,,78.2,0.0,0,0,28,0.0,0,79,1,10,88.6,70,51.9,41,138.3,13,1,48.1,38,145,74,7.4,14.5,2.07
Jamari Thrash,97399,WR,CLV,9,8.2,1,76.9,0.0,0,1,0,0.0,0,5,8,0,78.0,71.1,57.5,,57.7,0.0,0,0,23,0.0,0,147,0,10,92.5,136,55.8,82,100.5,13,0,44.2,65,107,41,4.1,10.7,0.79
Ray-Ray McCloud III,47895,WR,NYG,6,6.3,3,53.8,100.0,1,1,0,12.5,1,4,21,0,52.1,76.3,49.6,65.1,53.9,0.0,0,1,24,0.7,1,141,2,7,96.5,136,34.0,48,37.0,13,0,66.0,93,69,43,6.1,9.9,0.51
Brevyn Spann-Ford,84006,TE,DAL,17,9.1,0,69.2,25.0,1,4,0,0.0,0,4,9,0,78.0,71.1,73.3,53.8,72.4,72.9,78,1,31,30.8,33,107,0,9,65.4,70,24.3,26,82.2,13,1,1.9,2,90,34,3.8,10.0,1.29
Brian Robinson,57120,HB,SF,19,0.2,3,69.2,0.0,0,3,0,0.0,0,1,28,0,77.3,89.7,66.7,18.5,61.5,0.0,0,0,6,9.8,9,92,0,9,83.7,77,7.6,7,72.3,13,0,3.3,3,28,34,3.8,3.1,0.36
Ian Thomas,42130,TE,LV,14,2.9,1,100.0,,0,0,0,0.0,0,5,23,0,80.0,72.3,63.8,58.7,67.1,80.4,127,0,20,43.0,68,158,0,13,55.7,88,12.0,19,103.2,13,0,7.0,11,114,76,5.8,8.8,1.3
Gage Larvadain,150169,WR,CLV,13,9.4,2,53.8,0.0,0,2,1,22.2,2,3,8,0,32.2,54.0,50.6,,52.3,0.0,0,1,14,0.0,0,137,2,7,94.9,130,44.5,61,37.7,13,0,55.5,76,71,30,4.3,10.1,0.55
Dare Ogunbowale,12329,HB,HST,15,1.7,1,76.9,33.3,1,3,0,9.1,1,3,13,1,58.5,25.3,48.6,52.5,46.3,0.8,1,0,18,42.4,50,118,0,10,55.9,66,6.8,8,90.5,13,0,3.4,4,76,57,5.7,7.6,1.15
Malachi Corley,66272,WR,CLV,13,0.4,4,84.6,100.0,1,1,0,0.0,0,4,8,0,78.7,82.9,70.3,,65.1,0.0,0,1,19,0.0,0,82,0,11,92.7,76,62.2,51,59.9,13,0,34.1,28,79,71,6.5,7.2,1.04
Casey Washington,101710,WR,ATL,6,18.2,0,46.2,25.0,1,4,0,14.3,1,6,2,0,49.2,68.8,58.5,,57.2,0.0,0,0,25,0.0,0,109,0,6,92.7,101,35.8,39,70.7,13,0,64.2,70,94,12,2.0,15.7,0.93
Bhayshul Tuten,150568,HB,JAX,14,0.2,3,76.9,0.0,0,2,0,0.0,0,3,15,0,78.7,48.5,66.0,52.9,59.1,0.0,0,0,24,17.5,21,120,0,10,76.7,92,6.7,8,131.1,13,2,6.7,8,79,83,8.3,7.9,0.86
Charlie Kolar,60917,TE,BLT,17,9.5,0,76.9,50.0,1,2,1,0.0,0,9,3,0,78.0,71.1,77.5,48.4,75.0,85.8,109,1,23,17.3,22,127,3,10,80.3,102,8.7,11,119.2,13,2,3.9,5,142,51,5.1,14.2,1.39
Audric Estime,147476,HB,NO,5,-0.2,4,92.3,,0,0,0,0.0,0,3,20,0,79.4,83.1,75.8,63.4,69.2,0.0,0,0,19,14.3,17,119,0,12,82.4,98,1.7,2,99.7,13,0,5.9,7,103,108,9.0,8.6,1.05
KeAndre Lambert-Smith,129789,WR,LAC,10,17.6,1,41.7,100.0,1,1,0,16.7,1,3,27,0,46.3,79.7,56.0,,58.6,0.0,0,1,18,0.0,0,79,2,5,96.2,76,12.7,10,47.6,12,1,87.3,69,51,21,4.2,10.2,0.67
Grant Calcaterra,60997,TE,PHI,16,5.9,0,75.0,50.0,1,2,0,10.0,1,4,24,0,57.0,70.6,50.5,71.1,51.5,57.5,92,0,16,23.8,38,160,0,9,75.0,120,33.1,53,118.8,12,1,6.3,10,76,32,3.6,8.4,0.63
Curtis Samuel,11795,WR,BUF,7,14.8,0,66.7,100.0,1,1,0,0.0,0,5,4,0,76.5,76.9,59.4,,59.5,0.9,1,1,21,0.0,0,117,1,8,96.6,113,42.7,50,79.5,12,1,56.4,66,83,29,3.6,10.4,0.73
Xavier Weaver,101130,WR,ARZ,9,16.0,1,58.3,33.3,1,3,0,12.5,1,2,1,0,54.9,72.1,49.2,,49.8,0.0,0,1,23,0.0,0,211,0,7,93.8,198,20.9,44,39.2,12,0,79.1,167,67,21,3.0,9.6,0.34
Darius Cooper,136866,WR,PHI,14,9.7,1,83.3,50.0,1,2,0,0.0,0,7,24,0,78.0,71.1,61.0,66.2,64.6,0.9,1,0,19,0.9,1,116,3,10,94.0,109,44.8,52,101.7,12,0,54.3,63,101,24,2.4,10.1,0.93
Scott Miller,47481,WR,PIT,13,5.6,1,75.0,100.0,1,1,0,0.0,0,4,25,0,78.0,74.7,57.0,,60.6,0.0,0,0,15,0.0,0,111,0,9,96.4,107,23.4,26,86.1,12,0,76.6,85,62,32,3.6,6.9,0.58
Keaton Mitchell,123826,HB,BLT,12,-3.0,0,75.0,,0,0,0,10.0,1,2,3,0,38.4,70.6,57.4,22.2,53.4,3.5,2,1,17,10.5,6,57,0,9,84.2,48,12.3,7,51.7,12,0,1.8,1,63,87,9.7,7.0,1.31
LeQuint Allen,158290,HB,JAX,18,-1.4,0,91.7,,0,0,0,0.0,0,0,15,0,78.7,85.0,55.0,62.8,50.2,0.4,1,0,10,27.2,61,224,0,11,67.9,152,8.5,19,88.5,12,0,2.2,5,63,72,6.5,5.7,0.41
Raheem Mostert,9783,HB,LV,12,-1.3,2,100.0,,0,0,0,0.0,0,6,23,0,79.4,84.5,56.9,45.9,66.8,0.9,1,0,18,21.8,24,110,0,12,73.6,81,3.6,4,91.0,12,0,0.0,0,70,86,7.2,5.8,0.86
Jacory Croskey-Merritt,102382,HB,WAS,17,-1.4,0,81.8,,0,0,0,0.0,0,3,32,1,78.0,33.3,69.6,44.3,43.4,0.0,0,0,28,20.5,39,190,0,9,73.7,140,8.4,16,92.4,11,0,1.6,3,68,79,8.8,7.6,0.49
Alec Ingold,34934,FB,MIA,17,3.7,0,72.7,0.0,0,1,1,11.1,1,4,17,0,54.5,71.5,50.1,68.7,46.0,21.2,36,0,22,25.9,44,170,2,8,71.8,122,18.2,31,82.4,11,0,7.6,13,52,45,5.6,6.5,0.43
Sean Tucker,123056,HB,TB,14,-0.6,1,72.7,0.0,0,1,0,11.1,1,1,30,0,56.7,50.1,66.2,23.0,50.3,0.0,0,0,28,20.0,15,75,0,8,78.7,59,4.0,3,105.9,11,1,10.7,8,34,48,6.0,4.3,0.58
Will Shipley,144138,HB,PHI,16,-0.1,0,90.9,,0,0,0,9.1,1,2,24,0,58.5,47.3,54.9,37.2,63.1,0.0,0,0,12,16.2,16,99,0,10,79.8,79,12.1,12,90.2,11,0,8.1,8,62,67,6.7,6.2,0.78
Rasheen Ali,121717,HB,BLT,9,0.1,2,81.8,,0,0,0,10.0,1,2,3,0,58.5,84.0,58.3,31.0,58.2,6.9,7,1,30,24.8,25,101,0,9,72.3,73,2.0,2,84.8,11,1,1.0,1,68,84,9.3,7.6,0.93
Nate Adkins,87625,TE,DEN,10,3.7,0,63.6,0.0,0,1,0,30.0,3,3,10,0,28.4,69.5,51.4,60.0,40.6,68.6,70,0,16,16.7,17,102,0,7,78.4,80,21.6,22,104.0,11,1,7.8,8,49,25,3.6,7.0,0.61
Dante Pettis,48113,WR,NO,7,8.9,5,81.8,0.0,0,1,0,0.0,0,4,20,1,77.3,47.5,65.7,,67.0,0.0,0,0,32,0.0,0,83,2,9,94.0,78,39.8,33,114.8,11,0,60.2,50,127,86,9.6,14.1,1.63
Dylan Drummond,78187,WR,ATL,7,7.8,1,63.6,33.3,2,6,0,12.5,1,2,2,0,52.5,73.4,47.5,,50.8,0.0,0,0,15,0.0,0,82,1,7,92.7,76,31.7,26,71.0,11,0,68.3,56,42,17,2.4,6.0,0.55
Bo Melton,61610,WR,GB,9,18.5,0,36.4,33.3,1,3,1,33.3,2,4,12,0,28.6,80.9,62.6,68.8,60.5,1.9,1,1,45,1.9,1,53,1,4,94.3,50,50.9,27,65.3,11,1,47.2,25,107,6,1.5,26.8,2.14
Tyler Conklin,47124,TE,LAC,8,4.4,2,70.0,0.0,0,1,1,22.2,2,3,27,1,35.3,19.3,43.3,73.6,44.7,42.3,41,0,33,6.2,6,97,1,7,88.7,86,42.3,41,102.5,10,0,14.4,14,101,59,8.4,14.4,1.17
KhaDarel Hodge,26104,WR,ATL,6,15.0,1,30.0,0.0,0,2,0,25.0,1,2,2,0,36.2,65.8,52.6,,55.8,0.0,0,0,16,0.0,0,41,0,3,97.6,40,22.0,9,40.0,10,0,78.0,32,31,9,3.0,10.3,0.78
Ashton Dulin,91479,WR,IND,11,16.0,1,50.0,33.3,1,3,0,0.0,0,4,14,0,73.4,80.0,62.8,65.7,61.5,1.2,1,0,48,1.2,1,83,0,5,89.2,74,22.9,19,87.9,10,0,74.7,62,106,52,10.4,21.2,1.43
Jack Stoll,42058,TE,NO,14,4.8,0,60.0,100.0,2,2,0,0.0,0,2,20,0,74.6,68.8,57.6,68.9,59.0,63.8,51,1,13,37.5,30,80,0,6,58.8,47,20.0,16,65.0,10,1,2.5,2,46,18,3.0,7.7,0.98
Foster Moreau,47043,TE,NO,11,2.6,2,70.0,,0,0,0,12.5,1,2,20,0,52.1,69.5,51.7,70.7,55.5,78.2,79,1,16,28.7,29,101,1,7,69.3,70,14.9,15,45.4,10,0,5.0,5,59,42,6.0,8.4,0.84
James Proche II,48037,WR,TEN,9,16.1,0,60.0,66.7,2,3,1,0.0,0,2,31,0,76.5,70.1,54.5,,55.8,0.0,0,0,23,0.0,0,120,2,6,94.2,113,26.7,32,79.2,10,0,73.3,88,65,3,0.5,10.8,0.58
Theo Wease Jr.,98005,WR,MIA,3,14.2,0,60.0,33.3,1,3,0,0.0,0,6,17,0,74.6,68.8,80.1,,79.8,0.0,0,2,63,0.0,0,41,1,6,95.1,39,17.1,7,97.9,10,1,82.9,34,139,60,10.0,23.2,3.56
Noah Brown,11993,WR,WAS,4,15.2,1,50.0,40.0,2,5,0,16.7,1,3,32,0,49.2,68.8,58.8,,61.5,0.0,0,0,28,0.0,0,77,1,5,90.9,70,19.5,15,78.3,10,0,80.5,62,83,10,2.0,16.6,1.19
Jahdae Walker,175944,WR,CHI,6,14.2,0,60.0,0.0,0,1,0,14.3,1,4,6,0,49.2,68.8,67.3,,66.7,0.0,0,0,25,0.0,0,67,0,6,95.5,64,34.3,23,127.9,10,2,65.7,44,87,9,1.5,14.5,1.36
Savion Williams,123101,WR,GB,11,1.2,2,100.0,100.0,1,1,0,0.0,0,3,12,1,78.0,45.2,60.2,,62.5,4.5,2,0,33,0.0,0,44,0,10,97.7,43,54.5,24,132.5,10,1,31.8,14,78,66,6.6,7.8,1.81
James Conner,11860,HB,ARZ,3,-0.8,4,88.9,0.0,0,1,1,0.0,0,4,1,0,76.5,36.5,62.8,29.2,73.4,0.0,0,0,18,16.4,9,55,1,8,74.5,41,0.0,0,121.3,9,1,5.5,3,38,70,8.8,4.8,0.93
Ollie Gordon II,157792,HB,MIA,17,-2.4,4,77.8,,0,0,0,0.0,0,1,17,0,75.6,85.5,62.4,23.6,53.0,0.0,0,0,20,23.8,30,126,1,7,73.8,93,3.2,4,118.5,9,1,3.2,4,32,55,7.9,4.6,0.34
Anthony Firkser,51837,TE,DET,7,4.8,0,88.9,100.0,2,2,0,0.0,0,4,11,0,76.5,70.1,54.2,65.9,56.3,32.2,39,0,18,11.6,14,121,0,8,86.0,104,42.1,51,91.2,9,0,19.8,24,53,14,1.8,6.6,0.51
Austin Trammell,52195,WR,JAX,6,15.6,0,33.3,100.0,1,1,0,25.0,1,2,15,0,36.2,73.3,58.5,,56.5,0.0,0,2,18,0.0,0,51,0,3,96.1,49,51.0,26,11.6,9,0,49.0,25,46,0,0.0,15.3,0.94
Robbie Chosen,11254,WR,WAS,3,14.2,1,55.6,25.0,1,4,0,0.0,0,2,32,0,73.4,68.0,62.3,,62.1,0.0,0,0,17,0.0,0,48,0,5,89.6,43,12.5,6,72.9,9,0,87.5,42,53,6,1.2,10.6,1.23
Durham Smythe,47257,TE,CHI,19,5.4,0,66.7,0.0,0,2,0,14.3,1,1,6,0,49.2,68.8,44.7,61.6,38.4,55.6,74,0,11,27.1,36,133,1,6,69.2,92,12.8,17,74.3,9,0,9.8,13,36,15,2.5,6.0,0.39
Kylen Granson,40630,TE,PHI,16,7.6,0,77.8,0.0,0,1,0,12.5,1,3,24,0,52.1,69.5,43.2,75.0,42.9,58.9,63,0,12,13.1,14,107,0,7,83.2,89,29.9,32,85.2,9,0,8.4,9,40,12,1.7,5.7,0.45
Andrew Beck,47121,FB,NYJ,14,4.7,0,66.7,0.0,0,2,0,14.3,1,4,22,0,49.7,69.8,66.1,20.3,72.5,27.8,10,0,17,16.7,6,36,0,6,80.6,29,22.2,8,118.1,9,2,8.3,3,45,20,3.3,7.5,1.55
Stone Smartt,60492,TE,NYJ,7,4.8,0,77.8,60.0,3,5,0,0.0,0,3,22,0,75.6,69.5,56.0,22.4,60.3,34.9,22,0,17,11.1,7,63,0,7,88.9,56,49.2,31,90.7,9,0,14.3,9,52,26,3.7,7.4,0.93
Harrison Bryant,26394,TE,HST,14,7.8,0,55.6,0.0,0,1,0,0.0,0,2,13,0,74.6,68.8,47.7,41.7,40.4,78.8,78,0,9,29.3,29,99,0,5,67.7,67,15.2,15,61.3,9,0,2.0,2,28,10,2.0,5.6,0.42
Cedrick Wilson Jr.,48170,WR,MIA,10,10.2,2,55.6,50.0,1,2,0,0.0,0,3,17,0,73.4,69.5,58.6,,56.6,2.4,2,0,16,0.0,0,84,1,5,96.4,81,29.8,25,68.8,9,0,66.7,56,44,27,5.4,8.8,0.54
Jaylen Wright,146934,HB,MIA,9,-3.3,1,62.5,0.0,0,1,0,28.6,2,2,17,0,29.2,29.5,69.3,5.3,39.5,0.0,0,0,18,2.3,1,44,0,5,90.9,40,20.5,9,77.1,8,0,2.3,1,44,59,11.8,8.8,1.1
Skyy Moore,97116,WR,SF,15,15.5,2,62.5,100.0,1,1,0,0.0,0,5,28,0,73.4,90.1,63.6,,62.3,0.0,0,1,23,0.0,0,83,0,5,95.2,79,25.3,21,59.9,8,0,74.7,62,87,27,5.4,17.4,1.1
Devontez Walker,145773,WR,BLT,9,27.0,0,75.0,0.0,0,1,0,0.0,0,5,3,0,74.6,68.8,76.3,,77.6,0.0,0,0,38,0.0,0,67,1,6,91.0,61,17.9,12,156.3,8,3,82.1,55,136,23,3.8,22.7,2.23
Braxton Berrios,47961,WR,HST,3,2.9,3,75.0,0.0,0,1,0,0.0,0,3,13,0,74.6,75.5,60.2,,62.8,0.0,0,0,14,0.0,0,51,1,6,90.2,46,62.7,32,83.9,8,0,35.3,18,37,18,3.0,6.2,0.8
Miles Sanders,40555,HB,DAL,4,-1.6,3,100.0,,0,0,0,0.0,0,0,9,0,77.3,29.2,66.7,36.8,76.3,0.0,0,0,9,33.3,14,42,0,8,59.5,25,0.0,0,82.3,8,0,2.4,1,30,43,5.4,3.8,1.2
Charlie Woerner,42257,TE,ATL,17,1.4,3,100.0,100.0,1,1,1,0.0,0,2,2,0,76.5,70.1,56.4,58.3,47.6,49.8,113,0,18,41.0,93,227,1,8,55.5,126,7.9,18,91.7,8,0,4.4,10,48,37,4.6,6.0,0.38
Tylan Wallace,61577,WR,BLT,11,14.9,1,50.0,0.0,0,2,0,0.0,0,3,3,0,41.6,73.2,49.5,,54.3,0.0,0,0,15,0.0,0,94,2,4,93.6,88,38.3,36,106.8,8,1,61.7,58,45,17,4.3,11.3,0.51
Adam Prentice,35639,FB,DEN,16,2.0,0,75.0,,0,0,0,14.3,1,3,10,0,49.2,74.9,51.2,85.7,54.6,13.1,11,0,14,28.6,24,84,0,6,70.2,59,6.0,5,92.2,8,0,17.9,15,53,44,7.3,8.8,0.9
Trayveon Williams,45775,HB,CLV,5,-3.8,0,100.0,,0,0,0,0.0,0,2,8,0,76.5,79.1,59.7,50.1,63.5,7.6,5,0,26,18.2,12,66,0,8,78.8,52,3.0,2,95.3,8,0,6.1,4,55,85,10.6,6.9,1.06
Jawhar Jordan,99595,HB,HST,4,-1.0,2,100.0,,0,0,0,0.0,0,2,13,0,75.6,82.3,79.2,80.5,74.5,0.0,0,0,14,20.6,7,34,0,7,73.5,25,8.8,3,86.9,7,0,8.8,3,34,41,5.9,4.9,1.36
Malik Heath,124173,WR,ATL,11,9.3,2,85.7,100.0,1,1,0,14.3,1,4,2,0,49.7,68.8,60.6,54.0,61.0,4.7,5,0,37,1.9,2,107,2,6,94.4,101,33.6,36,117.9,7,0,61.7,66,86,29,4.8,14.3,0.85
Austin Ekeler,12164,HB,WAS,2,1.4,2,71.4,0.0,0,1,0,0.0,0,2,32,0,74.6,76.3,56.2,67.0,59.5,0.0,0,0,15,19.2,10,52,1,5,76.9,40,26.9,14,84.2,7,0,1.9,1,38,50,10.0,7.6,0.95
Quintin Morris,61182,TE,JAX,10,7.7,0,85.7,,0,0,0,0.0,0,4,15,0,49.7,68.8,53.9,46.0,54.3,61.9,60,0,14,16.5,16,97,1,6,76.3,74,22.7,22,139.0,7,1,14.4,14,55,21,3.5,9.2,0.74
Kameron Johnson,165866,WR,TB,10,12.6,0,57.1,,0,0,0,20.0,1,3,30,0,41.6,90.0,56.1,,55.8,0.0,0,1,34,0.0,0,44,0,4,97.7,43,40.9,18,87.8,7,1,59.1,26,64,19,4.8,16.0,1.49
Josh Whyle,54037,TE,GB,9,3.4,1,85.7,,0,0,0,0.0,0,2,12,0,74.6,68.8,54.2,60.3,54.3,60.7,65,0,21,13.1,14,107,1,6,82.2,88,21.5,23,131.8,7,1,15.0,16,43,26,4.3,7.2,0.49
Zamir White,83665,HB,LV,5,-1.5,0,66.7,,0,0,0,0.0,0,0,23,0,72.1,79.8,51.6,57.7,58.4,0.0,0,0,9,25.5,12,47,0,4,63.8,30,0.0,0,74.3,6,0,2.1,1,24,28,7.0,6.0,0.8
D'Wayne Eskridge,29573,WR,MIA,12,13.0,0,66.7,100.0,2,2,0,0.0,0,3,17,0,72.1,31.6,68.1,,65.4,0.0,0,0,40,0.0,0,61,0,4,95.1,58,32.8,20,100.7,6,0,67.2,41,62,8,2.0,15.5,1.07
Ben Skowronek,27948,WR,PIT,15,11.2,0,66.7,,0,0,0,0.0,0,4,25,0,72.1,67.0,67.7,76.0,61.6,0.0,0,0,22,6.3,4,64,0,4,90.6,58,46.9,30,145.1,6,1,53.1,34,69,25,6.3,17.3,1.19
Beaux Collins,144112,WR,NYG,7,12.5,0,33.3,,0,0,0,0.0,0,1,21,0,68.3,64.0,47.6,,50.3,0.0,0,1,18,0.0,0,56,1,2,85.7,48,30.4,17,7.6,6,0,69.6,39,25,7,3.5,12.5,0.52
Jalen Brooks,111284,WR,ARZ,6,10.8,2,50.0,100.0,1,1,0,25.0,1,3,1,0,36.2,23.0,59.7,,59.6,0.0,0,0,20,0.0,0,77,0,3,94.8,73,24.7,19,79.2,6,0,75.3,58,51,18,6.0,17.0,0.7
Albert Okwuegbunam,41933,TE,LV,1,3.8,2,83.3,0.0,0,1,0,0.0,0,2,23,0,73.4,68.0,72.2,,72.7,52.0,13,0,16,0.0,0,25,0,5,96.0,24,48.0,12,91.7,6,0,0.0,0,36,34,6.8,7.2,1.5
Tucker Fisk,52286,TE,LAC,11,1.3,0,83.3,0.0,0,1,0,16.7,1,1,27,0,45.8,68.0,48.3,56.7,42.0,85.7,78,0,12,29.7,27,91,1,5,64.8,59,5.5,5,88.2,6,0,5.5,5,31,27,5.4,6.2,0.53
Xavier Restrepo,122220,WR,TEN,2,13.3,0,50.0,0.0,0,2,0,0.0,0,3,31,0,73.4,68.0,71.5,,70.9,0.0,0,0,15,0.0,0,24,0,3,91.7,22,70.8,17,72.2,6,0,29.2,7,41,8,2.7,13.7,1.86
Andrew Ogletree,138351,TE,IND,15,7.7,0,66.7,50.0,1,2,0,0.0,0,2,14,0,72.1,67.0,58.2,85.4,55.5,67.7,67,0,11,40.4,40,99,0,4,52.5,52,17.2,17,116.0,6,1,11.1,11,27,8,2.0,6.8,0.52
Tip Reiman,129423,TE,ARZ,4,4.8,1,60.0,0.0,0,2,0,25.0,1,1,1,0,36.8,65.8,45.8,46.9,44.4,81.3,39,0,10,20.8,10,48,1,3,72.9,35,6.3,3,67.1,5,0,8.3,4,18,9,3.0,6.0,0.51
Shane Zylstra,143786,TE,DET,5,8.2,0,60.0,100.0,2,2,0,0.0,0,1,11,0,70.5,65.8,44.0,42.6,49.7,41.7,43,0,11,17.5,18,103,1,3,78.6,81,39.8,41,68.8,5,0,18.4,19,20,2,0.7,6.7,0.25
Tahj Washington,97288,WR,MIA,6,23.6,0,60.0,50.0,1,2,0,0.0,0,1,17,1,70.5,13.9,53.0,,53.1,0.0,0,1,19,0.0,0,40,0,3,95.0,38,27.5,11,43.3,5,0,72.5,29,37,9,3.0,12.3,0.97
Ben Sims,77918,TE,MIN,6,9.2,0,60.0,50.0,1,2,0,0.0,0,2,18,0,70.5,65.8,54.3,75.6,67.9,64.3,27,0,18,16.7,7,42,1,3,81.0,34,19.0,8,77.1,5,0,16.7,7,30,4,1.3,10.0,0.88
David Martin-Robinson,77892,TE,TEN,11,6.6,1,80.0,50.0,1,2,0,0.0,0,3,31,0,72.1,67.0,73.0,57.2,77.8,60.5,23,0,14,21.1,8,38,0,4,73.7,28,21.1,8,131.3,5,1,15.8,6,30,17,4.3,7.5,1.07
Blake Whiteheart,77881,TE,CLV,14,7.4,0,40.0,0.0,0,2,0,0.0,0,0,8,1,68.3,13.3,44.8,59.3,38.8,57.6,72,0,4,18.4,23,125,1,2,77.6,97,28.0,35,47.9,5,0,8.8,11,4,1,0.5,2.0,0.04
Eric Saubert,11929,TE,SEA,12,6.0,0,80.0,,0,0,0,0.0,0,2,29,0,73.4,68.0,67.1,79.0,60.4,76.2,80,0,12,28.6,30,105,2,4,67.6,71,16.2,17,92.5,5,0,1.9,2,31,16,4.0,7.8,0.44
Sal Cannella,60853,TE,CLV,2,11.8,0,40.0,0.0,0,1,0,33.3,1,1,8,0,29.9,64.0,51.3,71.6,51.8,50.0,11,1,6,4.5,1,22,0,2,90.9,20,31.8,7,8.3,5,0,18.2,4,11,5,2.5,5.5,0.55
Shedrick Jackson,84136,WR,LV,5,16.6,0,80.0,0.0,0,1,0,0.0,0,2,23,0,72.1,68.3,73.8,,73.4,0.0,0,0,25,0.0,0,19,0,4,94.7,18,52.6,10,152.9,5,1,47.4,9,56,5,1.3,14.0,3.11
Malik Davis,57196,HB,DAL,9,3.6,0,40.0,0.0,0,1,0,33.3,1,0,9,0,36.2,83.3,60.3,50.0,43.0,0.0,0,0,10,35.2,31,88,0,2,60.2,53,2.3,2,48.8,5,0,1.1,1,16,6,3.0,8.0,0.3
Brenden Bates,53746,TE,CLV,8,8.0,1,80.0,50.0,1,2,0,20.0,1,3,8,0,41.6,67.0,57.0,65.4,64.6,88.2,45,0,19,39.2,20,51,0,4,58.8,30,5.9,3,106.7,5,0,3.9,2,48,9,2.3,12.0,1.6
Kendre Miller,123091,HB,NO,7,-1.0,1,100.0,100.0,1,1,0,0.0,0,1,20,0,74.6,85.5,74.0,57.4,72.9,0.0,0,0,11,35.2,19,54,0,5,55.6,30,7.4,4,91.7,5,0,1.9,1,30,35,7.0,6.0,1.0
Devin Duvernay,40006,WR,CHI,6,16.2,0,40.0,66.7,2,3,0,0.0,0,1,6,0,70.5,90.4,68.7,,69.4,3.8,1,0,24,0.0,0,26,0,2,96.2,25,38.5,10,57.1,5,0,53.8,14,26,0,0.0,13.0,1.04
Trent Sherfield,48021,WR,ARZ,12,8.6,0,60.0,,0,0,0,0.0,0,1,1,0,70.5,65.8,46.8,77.8,49.9,2.3,2,0,15,4.5,4,88,2,3,87.5,77,34.1,30,69.6,5,0,63.6,56,21,13,4.3,7.0,0.27
Jaleel McLaughlin,138346,HB,DEN,9,-4.0,1,80.0,,0,0,0,20.0,1,2,10,0,41.6,43.3,65.2,77.3,51.9,0.0,0,0,17,9.5,4,42,0,4,90.5,38,2.4,1,89.2,5,0,7.1,3,27,41,10.3,6.8,0.71
Cody White,61448,WR,SEA,9,10.3,2,75.0,,0,0,0,0.0,0,2,29,0,70.5,71.9,65.2,,67.5,0.0,0,1,60,0.0,0,47,0,3,95.7,45,42.6,20,116.7,4,1,57.4,27,90,57,19.0,30.0,2.0
Raheim Sanders,146626,HB,CLV,3,2.8,3,75.0,,0,0,0,0.0,0,0,8,0,70.5,79.4,73.6,77.5,74.0,4.2,1,0,10,16.7,4,24,0,3,79.2,19,0.0,0,86.5,4,0,8.3,2,21,13,4.3,7.0,1.11
Connor Heyward,57301,TE,PIT,14,9.8,0,75.0,100.0,1,1,0,0.0,0,1,25,0,70.5,76.7,74.3,57.7,61.1,21.4,6,0,12,25.0,7,28,0,3,67.9,19,25.0,7,126.0,4,1,21.4,6,21,6,2.0,7.0,1.11
Tom Kennedy,94379,WR,DET,3,8.0,0,100.0,100.0,1,1,0,0.0,0,2,11,0,72.1,80.2,66.6,,66.8,0.0,0,0,23,0.0,0,31,0,4,96.8,30,64.5,20,104.2,4,0,35.5,11,36,4,1.0,9.0,1.2
Ross Dwelley,20994,TE,DET,7,1.8,0,50.0,0.0,0,2,0,0.0,0,0,11,0,68.3,64.0,44.4,76.7,46.2,62.2,28,0,4,20.0,9,45,0,2,75.6,34,22.2,10,56.3,4,0,8.9,4,7,7,3.5,3.5,0.21
Britain Covey,32933,WR,PHI,2,2.5,0,50.0,0.0,0,1,0,33.3,1,2,24,0,30.0,32.6,57.5,,57.3,0.0,0,0,12,0.0,0,28,0,2,96.4,27,57.1,16,64.6,4,0,42.9,12,20,19,9.5,10.0,0.74
Ty Chandler,62942,HB,MIN,2,-5.0,0,75.0,,0,0,0,0.0,0,1,18,0,70.5,78.2,61.8,66.0,67.5,0.0,0,0,11,22.7,5,22,0,3,72.7,16,0.0,0,77.1,4,0,0.0,0,11,27,9.0,3.7,0.69
Tank Bigsby,123974,HB,PHI,13,-1.5,4,75.0,,0,0,1,25.0,1,1,24,0,36.8,86.4,81.5,19.8,46.3,0.0,0,0,31,16.7,11,66,1,3,81.8,54,7.6,5,97.9,4,0,6.1,4,32,39,13.0,10.7,0.59
Keleki Latu,146291,TE,BUF,5,2.8,2,100.0,100.0,1,1,0,0.0,0,3,4,0,72.1,67.0,73.8,70.5,65.3,52.3,23,0,14,11.4,5,44,0,4,84.1,37,31.8,14,103.1,4,0,15.9,7,35,24,6.0,8.8,0.95
Justin Watson,66915,WR,HST,3,10.3,0,75.0,100.0,1,1,0,0.0,0,1,13,0,36.2,65.8,55.7,,56.3,0.0,0,0,15,0.0,0,36,0,3,91.7,33,75.0,27,95.8,4,0,25.0,9,30,13,4.3,10.0,0.91
Chris Rodriguez Jr.,83689,HB,WAS,13,3.8,2,75.0,,0,0,0,0.0,0,1,32,0,70.5,88.5,73.5,47.7,54.5,0.0,0,1,18,19.8,23,116,1,3,75.0,87,7.8,9,56.3,4,0,4.3,5,30,28,9.3,10.0,0.34
Jaret Patterson,77745,HB,LAC,6,-0.8,0,75.0,,0,0,0,0.0,0,1,27,0,70.5,82.7,65.9,45.2,56.8,3.1,2,0,4,23.1,15,65,0,3,69.2,45,0.0,0,77.1,4,0,4.6,3,8,10,3.3,2.7,0.18
Jonathan Mingo,97774,WR,DAL,6,14.3,0,25.0,0.0,0,1,0,50.0,1,1,9,0,28.9,61.2,53.2,,51.5,0.0,0,0,25,0.0,0,43,0,1,95.3,41,20.9,9,53.1,4,0,79.1,34,25,4,4.0,25.0,0.61
James Mitchell,77885,TE,CAR,5,2.5,0,75.0,0.0,0,1,0,0.0,0,2,5,0,70.5,65.8,78.3,73.6,74.2,60.0,12,0,11,20.0,4,20,0,3,75.0,15,25.0,5,93.8,4,0,5.0,1,28,22,7.3,9.3,1.87
Hassan Haskins,83701,HB,LAC,8,-1.0,1,100.0,,0,0,0,0.0,0,0,27,0,72.1,79.8,58.5,44.2,57.2,0.0,0,0,9,28.3,17,60,0,4,70.0,42,3.3,2,80.2,4,0,3.3,2,13,17,4.3,3.3,0.31
Michael Bandy,91824,WR,DEN,4,5.8,0,100.0,100.0,1,1,0,0.0,0,3,10,0,72.1,76.2,80.0,,77.3,0.0,0,0,20,0.0,0,14,0,4,92.9,13,78.6,11,158.3,4,1,21.4,3,50,27,6.8,12.5,3.85
Efton Chism III,141521,WR,NE,8,13.5,0,100.0,100.0,1,1,0,0.0,0,4,19,0,72.1,80.8,70.5,71.8,73.2,4.3,2,0,35,4.3,2,47,0,4,87.2,41,19.1,9,158.3,4,1,76.6,36,95,44,11.0,23.8,2.32
Andre Baccellia,47901,WR,ARZ,4,1.5,1,50.0,,0,0,0,33.3,1,0,1,0,29.9,75.4,45.6,,46.2,0.0,0,0,5,0.0,0,72,0,2,98.6,71,40.3,29,56.3,4,0,59.7,43,8,7,3.5,4.0,0.11
Ryan Miller,78734,WR,NYG,12,17.8,0,50.0,100.0,1,1,0,0.0,0,1,21,0,68.3,64.0,62.3,75.2,59.7,0.0,0,0,20,8.3,3,36,1,2,86.1,31,27.8,10,118.8,4,1,72.2,26,34,0,0.0,17.0,1.1
Ronnie Bell,84288,WR,NO,1,22.0,0,50.0,,0,0,0,0.0,0,1,20,0,68.3,64.0,74.5,,71.8,0.0,0,0,16,0.0,0,22,0,2,100.0,22,22.7,5,107.3,4,1,77.3,17,23,1,0.5,11.5,1.05
Scott Matlock,82482,FB,LAC,17,-0.5,0,100.0,,0,0,1,0.0,0,1,27,0,72.1,67.0,50.5,59.1,49.2,44.5,49,0,5,61.8,68,110,1,4,38.2,42,22.7,25,118.8,4,1,9.1,10,12,14,3.5,3.0,0.29
Josiah Deguara,47034,TE,ARZ,10,5.5,0,75.0,0.0,0,1,0,0.0,0,2,1,0,70.5,65.8,50.1,68.3,53.5,52.5,32,0,8,3.3,2,61,0,3,93.4,57,26.2,16,126.0,4,1,18.0,11,21,5,1.7,7.0,0.37
Lucas Krull,83962,TE,DEN,3,5.0,0,50.0,100.0,1,1,0,0.0,0,0,10,0,68.3,64.0,48.1,,48.5,42.4,14,0,9,0.0,0,33,0,2,93.9,31,45.5,15,59.4,4,0,12.1,4,15,3,1.5,7.5,0.48
Mason Kinsey,115664,WR,TEN,7,22.5,0,50.0,100.0,1,1,0,0.0,0,2,31,0,68.3,67.1,60.5,,60.2,0.0,0,0,34,0.0,0,46,0,2,95.7,44,45.7,21,93.8,4,0,54.3,25,48,3,1.5,24.0,1.09
Braelon Allen,145159,HB,NYJ,4,2.7,1,66.7,,0,0,0,33.3,1,1,22,0,29.9,27.6,50.1,83.9,41.9,0.0,0,0,12,21.4,6,28,0,2,71.4,20,3.6,1,81.3,3,0,0.0,0,17,9,4.5,8.5,0.85
Khalil Herbert,41668,HB,NYJ,3,-4.3,0,33.3,,0,0,0,50.0,1,0,22,0,28.8,76.5,61.8,77.0,31.9,0.0,0,0,4,38.7,12,31,0,1,58.1,18,0.0,0,42.4,3,0,3.2,1,4,9,9.0,4.0,0.22
Jack Westover,84079,FB,NE,19,3.0,0,66.7,,0,0,0,33.3,1,1,19,0,30.0,64.0,48.5,75.6,47.5,17.5,14,0,8,18.8,15,80,1,2,77.5,62,1.3,1,70.1,3,0,30.0,24,8,2,1.0,4.0,0.13
Benjamin Yurosek,131786,TE,MIN,9,4.0,0,66.7,,0,0,0,0.0,0,1,18,0,68.3,64.0,60.5,79.6,56.0,79.5,31,0,9,35.9,14,39,1,2,59.0,23,12.8,5,77.1,3,0,5.1,2,14,8,4.0,7.0,0.61
Samori Toure,25276,WR,NO,1,12.3,0,33.3,,0,0,0,0.0,0,0,20,0,64.7,61.2,67.9,,66.5,0.0,0,1,3,0.0,0,8,0,1,100.0,8,25.0,2,2.8,3,0,75.0,6,3,0,0.0,3.0,0.38
Mecole Hardman Jr.,42683,WR,BUF,2,23.0,0,33.3,0.0,0,1,0,0.0,0,1,4,0,64.7,18.4,64.1,,63.6,0.0,0,0,4,0.0,0,13,0,1,100.0,13,15.4,2,81.9,3,1,84.6,11,4,2,2.0,4.0,0.31
Dylan Laube,88664,HB,LV,3,-2.3,1,100.0,,0,0,0,0.0,0,1,23,0,70.5,42.8,44.2,2.8,68.1,0.0,0,0,13,16.7,3,18,0,3,83.3,15,0.0,0,91.7,3,0,5.6,1,18,25,8.3,6.0,1.2
Payne Durham,84037,TE,TB,17,5.7,0,33.3,,0,0,0,50.0,1,1,30,0,28.9,61.2,59.4,51.4,41.1,65.8,79,0,11,34.2,41,120,3,1,60.0,72,25.8,31,45.1,3,0,5.0,6,11,10,10.0,11.0,0.15
Tyler Goodson,101659,HB,IND,8,-1.0,0,66.7,,0,0,0,0.0,0,0,14,0,68.3,74.8,52.0,75.0,53.3,0.0,0,0,8,4.2,1,24,0,2,91.7,22,12.5,3,70.1,3,0,8.3,2,8,11,5.5,4.0,0.36
Dareke Young,111900,WR,SEA,7,18.7,0,66.7,50.0,1,2,0,0.0,0,2,29,0,68.3,76.0,71.2,,69.8,0.0,0,0,36,0.0,0,19,0,2,100.0,19,5.3,1,109.7,3,0,94.7,18,48,1,0.5,24.0,2.53
Corey Kiner,86392,HB,ARZ,4,4.0,0,66.7,100.0,1,1,0,33.3,1,1,1,0,29.9,75.4,56.0,12.8,33.1,0.0,0,0,11,16.7,3,18,0,2,83.3,15,0.0,0,78.5,3,0,0.0,0,15,5,2.5,7.5,1.0
Alex Bachman,47996,WR,LV,8,4.7,0,66.7,50.0,1,2,0,0.0,0,2,23,0,68.3,84.8,64.6,,66.5,0.0,0,0,9,0.0,0,18,1,2,94.4,17,50.0,9,74.3,3,0,50.0,9,12,2,1.0,6.0,0.71
Najee Harris,57121,HB,LAC,3,3.3,2,100.0,,0,0,0,0.0,0,1,27,0,70.5,76.4,81.4,26.2,70.3,0.0,0,0,11,20.8,5,24,0,3,75.0,18,0.0,0,101.4,3,0,4.2,1,25,15,5.0,8.3,1.39
Deven Thompkins,84480,WR,ATL,3,2.3,0,100.0,,0,0,0,0.0,0,1,2,0,70.5,80.9,66.7,,66.6,0.0,0,0,19,0.0,0,9,1,3,100.0,9,11.1,1,104.2,3,0,88.9,8,27,20,6.7,9.0,3.0
Jake Bobo,77997,WR,SEA,12,7.0,0,100.0,,0,0,0,0.0,0,2,29,0,70.5,65.8,57.3,31.3,60.4,0.0,0,0,17,4.8,2,42,1,3,92.9,39,40.5,17,116.7,3,0,59.5,25,36,15,5.0,12.0,0.92
Jordan Watkins,122730,WR,SF,4,14.3,0,66.7,100.0,1,1,0,33.3,1,1,28,0,29.9,64.0,61.3,,60.8,0.0,0,0,19,0.0,0,15,0,2,100.0,15,33.3,5,93.8,3,0,66.7,10,26,1,0.5,13.0,1.73
Antonio Gibson,78050,HB,NE,5,-1.7,0,66.7,0.0,0,1,0,0.0,0,0,19,0,68.3,23.9,55.1,78.2,51.9,0.0,0,0,5,17.4,4,23,0,2,78.3,18,0.0,0,70.1,3,0,8.7,2,6,16,8.0,3.0,0.33
Jalen Royals,163442,WR,KC,5,7.0,0,66.7,100.0,1,1,0,0.0,0,0,16,0,68.3,66.8,49.9,,52.5,0.0,0,0,2,0.0,0,38,0,2,94.7,36,31.6,12,70.1,3,0,68.4,26,4,4,2.0,2.0,0.11
Trevor Etienne,157730,HB,CAR,10,0.7,2,100.0,,0,0,0,0.0,0,1,5,0,70.5,66.1,68.6,69.2,54.1,0.0,0,0,7,4.3,1,23,0,3,87.0,20,43.5,10,84.7,3,0,8.7,2,13,11,3.7,4.3,0.65
Derius Davis,78196,WR,LAC,10,10.7,1,66.7,,0,0,0,0.0,0,0,27,0,70.5,54.8,52.2,,54.0,0.0,0,0,7,0.0,0,60,0,2,96.7,58,28.3,17,71.5,3,0,71.7,43,10,8,4.0,5.0,0.17
Tai Felton,144886,WR,MIN,5,3.7,0,100.0,,0,0,0,0.0,0,2,18,0,36.2,74.4,60.0,,59.3,0.0,0,0,10,0.0,0,23,0,3,91.3,21,4.3,1,101.4,3,0,95.7,22,25,14,4.7,8.3,1.19
AJ Dillon,57165,HB,PHI,7,4.0,0,100.0,,0,0,0,0.0,0,0,24,1,70.5,23.8,54.7,71.3,45.8,0.0,0,0,11,25.9,7,27,0,3,66.7,18,7.4,2,95.8,3,0,0.0,0,21,9,3.0,7.0,1.17
Zaire Mitchell-Paden,145197,TE,NO,8,6.7,0,66.7,50.0,1,2,0,0.0,0,1,20,0,68.3,64.0,43.4,56.0,73.4,37.0,10,0,14,55.6,15,27,1,2,40.7,11,7.4,2,81.3,3,0,0.0,0,17,5,2.5,8.5,1.55
Pharaoh Brown,12247,TE,ARZ,7,0.0,0,100.0,,0,0,0,0.0,0,0,1,0,68.3,64.0,57.9,52.2,48.2,82.1,23,0,1,28.6,8,28,3,2,71.4,20,7.1,2,79.2,2,0,3.6,1,1,1,0.5,0.5,0.05
Colson Yankoff,83589,TE,WAS,13,7.0,0,100.0,,0,0,1,0.0,0,2,32,0,68.3,64.0,40.0,23.2,49.3,41.2,21,0,14,5.9,3,51,2,2,84.3,43,41.2,21,104.2,2,0,9.8,5,18,4,2.0,9.0,0.42
Anthony Gould,97078,WR,IND,4,-1.0,0,100.0,,0,0,0,0.0,0,0,14,0,68.3,86.4,52.0,,51.4,0.0,0,0,3,0.0,0,31,0,2,96.8,30,87.1,27,79.2,2,0,9.7,3,6,8,4.0,3.0,0.2
Spencer Rattler,97408,QB,NO,9,2.0,0,50.0,,0,0,0,0.0,0,0,20,4,,44.8,70.0,,57.1,0.0,0,1,0,0.0,0,316,3,1,0.6,2,0.0,0,16.7,2,0,0.3,1,0,0,0.0,0.0,0.0
George Holani,72154,HB,SEA,2,-1.0,0,100.0,,0,0,0,0.0,0,1,29,0,68.3,37.7,59.9,70.6,71.3,0.0,0,0,11,22.2,2,9,0,2,77.8,7,11.1,1,97.9,2,0,0.0,0,15,17,8.5,7.5,2.14
Jared Wayne,99691,WR,HST,1,9.0,0,100.0,,0,0,0,0.0,0,1,13,0,68.3,64.0,63.5,,63.2,0.0,0,0,17,0.0,0,15,0,2,100.0,15,20.0,3,108.3,2,0,80.0,12,20,2,1.0,10.0,1.33
Tay Martin,61811,WR,WAS,3,9.0,0,100.0,,0,0,0,0.0,0,1,32,0,68.3,64.0,70.9,,70.2,0.0,0,0,14,0.0,0,16,0,2,93.8,15,6.3,1,114.6,2,0,93.8,15,23,5,2.5,11.5,1.53
Jakobie Keeney-James,102578,WR,GB,1,7.5,0,100.0,100.0,1,1,0,0.0,0,0,12,0,68.3,70.4,55.2,,55.2,5.9,1,0,8,0.0,0,17,0,2,94.1,16,35.3,6,97.9,2,0,58.8,10,15,0,0.0,7.5,0.94
Jelani Woods,60509,TE,NYJ,3,5.0,0,50.0,0.0,0,1,0,0.0,0,0,22,0,64.7,61.2,47.3,73.0,49.7,62.5,15,0,4,16.7,4,24,0,1,79.2,19,20.8,5,56.3,2,0,12.5,3,4,2,2.0,4.0,0.21
Xavier Gipson,104136,WR,NYG,3,-4.0,0,100.0,,0,0,0,0.0,0,0,21,0,68.3,23.1,59.2,,59.0,0.0,0,0,3,0.0,0,4,0,2,100.0,4,100.0,4,79.2,2,0,0.0,0,6,14,7.0,3.0,1.5
Julius Chestnut,109239,HB,TEN,7,9.0,0,0.0,,0,0,0,,0,0,31,0,,75.7,60.8,26.3,52.2,0.0,0,0,0,13.6,3,22,0,0,86.4,19,0.0,0,39.6,2,0,9.1,2,0,0,,,0.0
Clyde Edwards-Helaire,57279,HB,KC,1,-2.5,1,100.0,,0,0,0,0.0,0,0,16,0,68.3,72.3,58.7,,62.0,0.0,0,0,7,0.0,0,10,0,2,70.0,7,0.0,0,85.4,2,0,0.0,0,9,14,7.0,4.5,1.29
Drake Dabney,122264,TE,GB,2,5.5,0,50.0,100.0,1,1,0,0.0,0,0,12,0,64.7,61.2,52.2,23.8,53.6,66.7,12,0,3,44.4,8,18,0,1,55.6,10,22.2,4,56.3,2,0,11.1,2,3,0,0.0,3.0,0.3
Tahj Brooks,123133,HB,CIN,7,-2.0,0,50.0,,0,0,0,0.0,0,0,7,0,64.7,79.9,48.7,2.9,59.6,0.0,0,1,9,13.0,3,23,0,1,87.0,20,4.3,1,22.9,2,0,4.3,1,9,11,11.0,9.0,0.45
Cam Grandy,134552,TE,CIN,4,-3.0,0,100.0,,0,0,0,0.0,0,0,7,1,68.3,13.3,38.8,77.0,28.2,42.9,3,0,6,28.6,2,7,0,2,71.4,5,14.3,1,81.3,2,0,14.3,1,7,13,6.5,3.5,1.4
Drake Maye,143969,QB,NE,19,1.0,0,50.0,,0,0,0,0.0,0,0,19,11,,29.2,87.4,,60.0,0.0,0,0,2,0.0,0,712,2,1,0.1,1,0.0,0,56.3,2,0,0.0,0,2,11,11.0,2.0,2.0
Phil Mafah,144123,HB,DAL,1,-5.5,1,100.0,,0,0,0,0.0,0,1,9,0,68.3,70.9,71.7,,79.9,0.0,0,0,10,0.0,0,3,0,2,100.0,3,0.0,0,89.6,2,0,0.0,0,11,22,11.0,5.5,3.67
DJ Giddens,144595,HB,IND,6,-3.0,0,0.0,,0,0,0,100.0,1,0,14,0,28.0,78.9,52.2,15.4,30.4,0.0,0,0,0,17.2,5,29,0,0,75.9,22,0.0,0,39.6,2,0,0.0,0,0,0,,,0.0
Caleb Williams,144622,QB,CHI,19,-1.0,0,100.0,,0,0,0,0.0,0,2,6,3,68.3,66.0,76.9,62.2,89.3,0.0,0,0,20,0.1,1,785,10,2,0.5,4,0.1,1,152.1,2,1,0.1,1,22,25,12.5,11.0,5.5
Reggie Gilliam,40951,FB,BUF,19,11.0,0,100.0,,0,0,0,0.0,0,1,4,0,68.3,67.8,72.4,89.5,52.3,19.1,13,0,22,41.2,28,68,0,2,52.9,36,17.6,12,116.7,2,0,14.7,10,24,2,1.0,12.0,0.67
Moliki Matavao,146561,TE,NO,4,2.5,0,100.0,,0,0,0,0.0,0,0,20,0,68.3,64.0,45.3,74.7,50.1,68.8,22,0,6,25.0,8,32,1,2,68.8,22,25.0,8,87.5,2,0,6.3,2,10,5,2.5,5.0,0.45
Kaleb Johnson,156419,HB,PIT,9,-4.0,0,50.0,,0,0,0,50.0,1,0,25,0,28.8,34.4,40.2,8.4,38.9,0.0,0,0,9,11.1,2,18,1,1,88.9,16,11.1,2,62.5,2,0,0.0,0,9,14,14.0,9.0,0.56
C.J. Ham,11347,FB,MIN,11,2.0,0,100.0,,0,0,0,0.0,0,1,18,0,68.3,69.0,61.4,72.5,51.9,10.4,10,0,6,39.6,38,96,0,2,55.2,53,7.3,7,89.6,2,0,1.0,1,11,7,3.5,5.5,0.21
Chris Manhertz,10211,TE,NYG,16,6.5,0,50.0,,0,0,0,0.0,0,0,21,0,64.7,61.2,72.7,69.7,47.0,98.3,58,0,7,72.9,43,59,1,1,25.4,15,1.7,1,58.3,2,0,0.0,0,7,6,6.0,7.0,0.47
Brittain Brown,40399,HB,CHI,1,4.0,0,0.0,,0,0,0,,0,0,6,0,,71.0,66.5,,52.1,11.1,1,0,0,0.0,0,9,0,0,100.0,9,0.0,0,39.6,1,0,22.2,2,0,0,,,0.0
Quinn Ewers,127253,QB,MIA,4,-6.0,0,100.0,100.0,1,1,0,0.0,0,0,17,2,,29.5,39.7,,,0.0,0,0,-6,0.0,0,101,2,1,0.0,0,0.0,0,79.2,1,0,0.0,0,-6,0,0.0,-6.0,
Cody Ford,39805,T,CIN,5,4.0,1,100.0,,0,0,0,0.0,0,1,7,0,64.7,61.2,55.8,53.0,78.5,4.5,2,0,21,97.7,43,44,0,1,2.3,1,0.0,0,118.8,1,0,2.3,1,21,17,17.0,21.0,21.0
Anthony Richardson,124393,QB,IND,1,2.0,0,100.0,,0,0,0,0.0,0,1,14,0,,70.1,72.4,,,0.0,0,0,9,0.0,0,2,0,1,0.0,0,0.0,0,104.2,1,0,0.0,0,9,7,7.0,9.0,
Malik Turner,48078,WR,SF,3,7.0,0,0.0,,0,0,0,100.0,1,0,28,0,27.9,,42.3,,43.1,0.0,0,0,0,0.0,0,9,0,0,100.0,9,22.2,2,39.6,1,0,77.8,7,0,0,,,0.0
Steven Sims,48341,WR,ARZ,3,2.0,0,0.0,,0,0,0,100.0,1,0,1,0,27.9,77.5,40.0,,41.2,0.0,0,0,0,0.0,0,4,0,0,100.0,4,0.0,0,39.6,1,0,100.0,4,0,0,,,0.0
Jake Matthews,8641,T,ATL,17,6.0,0,0.0,,0,0,0,100.0,1,0,2,0,28.0,,69.7,82.4,42.0,0.0,0,0,0,99.8,609,610,8,0,0.2,1,0.0,0,39.6,1,0,0.0,0,0,0,,,0.0
Patrick Ricard,48862,FB,BLT,11,5.0,0,100.0,,0,0,1,0.0,0,0,3,0,64.7,66.7,68.6,51.2,62.2,46.8,37,0,8,60.8,48,79,2,1,35.4,28,2.5,2,100.0,1,0,3.8,3,8,3,3.0,8.0,0.29
Malachi Moore,123928,S,NYJ,1,3.0,0,100.0,100.0,1,1,1,0.0,0,1,22,0,64.7,61.2,73.6,,90.3,0.0,0,0,3,0.0,0,1,2,1,100.0,1,0.0,0,79.2,1,0,0.0,0,3,0,0.0,3.0,3.0
Nikko Remigio,84150,WR,KC,6,18.0,0,100.0,,0,0,0,0.0,0,1,16,0,64.7,89.6,72.0,,66.7,0.0,0,0,21,0.0,0,9,0,1,88.9,8,44.4,4,118.8,1,0,55.6,5,21,3,3.0,21.0,2.63
Darian Kinnard,51789,T,GB,15,-5.0,2,100.0,,0,0,0,0.0,0,0,12,1,64.7,18.4,65.6,58.6,29.8,17.9,26,0,6,97.9,142,145,2,1,2.1,3,0.0,0,91.7,1,0,0.0,0,6,11,11.0,6.0,2.0
Ke'Shawn Williams,123406,WR,CIN,6,4.0,0,100.0,,0,0,0,0.0,0,0,7,0,64.7,54.4,54.4,,53.9,0.0,0,0,5,0.0,0,13,0,1,100.0,13,30.8,4,87.5,1,0,69.2,9,5,1,1.0,5.0,0.38
Robbie Ouzts,146594,FB,SEA,13,0.0,0,0.0,,0,0,0,100.0,1,0,29,0,27.9,,48.4,66.0,36.7,19.4,13,0,0,41.8,28,67,2,0,56.7,38,4.5,3,39.6,1,0,10.4,7,0,0,,,0.0
Charlie Jones,55038,WR,CIN,3,42.0,0,0.0,,0,0,0,,0,0,7,0,,89.5,47.6,,53.2,0.0,0,0,0,0.0,0,12,0,0,100.0,12,25.0,3,39.6,1,0,75.0,9,0,0,,,0.0
DeeJay Dallas,55632,HB,JAX,3,-1.0,0,0.0,,0,0,0,100.0,1,0,15,0,27.9,79.5,44.1,22.8,30.9,0.0,0,0,0,23.5,4,17,0,0,76.5,13,11.8,2,39.6,1,0,11.8,2,0,0,,,0.0
Quentin Skinner,122579,WR,NYJ,1,4.0,0,100.0,,0,0,0,0.0,0,1,22,0,68.3,64.0,82.8,,81.9,0.0,0,0,10,0.0,0,10,0,1,90.0,9,20.0,2,108.3,1,0,80.0,8,10,6,6.0,10.0,1.11
Cam Akers,57206,HB,SEA,3,-6.0,0,0.0,,0,0,0,100.0,1,0,29,0,27.9,72.5,58.3,,28.1,25.0,1,0,0,0.0,0,4,0,0,75.0,3,0.0,0,39.6,1,0,25.0,1,0,0,,,0.0
Frank Gore Jr.,121457,HB,BUF,1,2.0,0,100.0,,0,0,0,0.0,0,0,4,0,64.7,61.2,60.9,,60.9,0.0,0,0,6,0.0,0,2,0,1,100.0,2,0.0,0,91.7,1,0,50.0,1,6,4,4.0,6.0,3.0
Aaron Rodgers,2241,QB,PIT,17,-9.0,0,100.0,100.0,1,1,0,0.0,0,0,25,6,,52.9,68.0,,,0.0,0,0,-9,0.0,0,612,6,1,0.0,0,0.0,0,79.2,1,0,0.0,0,-9,0,0.0,-9.0,
Jason Brownlee,121451,WR,KC,4,14.0,0,0.0,,0,0,0,,0,0,16,0,,,52.5,,52.6,0.0,0,0,0,0.0,0,18,0,0,88.9,16,5.6,1,39.6,1,0,94.4,17,0,0,,,0.0
Elijah Mitchell,57272,HB,KC,1,24.0,0,0.0,,0,0,0,,0,0,16,0,,,58.6,70.4,55.2,0.0,0,1,0,14.3,1,7,0,0,57.1,4,14.3,1,0.0,1,0,0.0,0,0,0,,,0.0
Coleman Owen,104969,WR,IND,1,3.0,0,0.0,,0,0,0,,0,0,14,0,,74.7,57.6,,59.4,0.0,0,0,0,0.0,0,1,0,0,100.0,1,100.0,1,39.6,1,0,0.0,0,0,0,,,0.0
Giovanni Ricci,13756,TE,DET,3,3.0,0,0.0,,0,0,0,,0,0,11,0,,,37.8,18.3,49.4,66.7,10,0,0,40.0,6,15,2,0,60.0,9,0.0,0,39.6,1,0,20.0,3,0,0,,,0.0
Trevor Penning,59963,G,LAC,11,5.0,0,0.0,,0,0,1,,0,0,27,0,,,53.6,52.5,59.4,2.0,7,0,0,99.7,345,346,8,0,0.3,1,0.3,1,39.6,1,0,0.3,1,0,0,,,0.0
Terrell Jennings,102408,HB,NE,4,2.0,0,100.0,,0,0,0,0.0,0,0,19,0,64.7,78.8,65.2,74.6,75.6,0.0,0,0,9,42.9,3,7,0,1,57.1,4,0.0,0,104.2,1,0,0.0,0,9,7,7.0,9.0,2.25
Brady Russell,60876,FB,SEA,5,0.0,0,0.0,,0,0,0,100.0,1,0,29,0,27.9,,40.9,59.6,27.6,16.7,2,0,0,66.7,8,12,0,0,33.3,4,0.0,0,39.6,1,0,8.3,1,0,0,,,0.0
Nick Kallerup,101679,TE,SEA,8,7.0,0,0.0,0.0,0,1,0,,0,0,29,0,,,61.6,41.3,47.6,82.1,23,0,0,64.3,18,28,2,0,35.7,10,14.3,4,39.6,1,0,0.0,0,0,0,,,0.0
Robert Tonyan,12193,TE,KC,14,1.0,0,100.0,,0,0,0,0.0,0,0,16,0,64.7,61.2,59.1,55.3,46.9,61.7,29,0,1,21.3,10,47,0,1,74.5,35,21.3,10,79.2,1,0,17.0,8,1,0,0.0,1.0,0.03
Jameis Winston,9434,QB,NYG,3,15.0,1,100.0,,0,0,0,0.0,0,1,21,1,64.7,83.8,74.0,,99.3,0.0,0,0,33,0.0,0,77,1,1,1.3,1,0.0,0,158.3,1,1,0.0,0,33,18,18.0,33.0,33.0
Theo Benedet,169632,T,CHI,17,4.0,0,0.0,,0,0,0,100.0,1,0,6,0,27.9,,55.6,55.4,30.2,2.9,10,0,0,98.2,334,340,7,0,1.8,6,0.3,1,39.6,1,0,0.6,2,0,0,,,0.0
Tim Jones,61669,WR,JAX,4,4.0,2,100.0,,0,0,0,0.0,0,1,15,0,64.7,61.2,64.7,62.4,64.6,0.0,0,0,15,9.1,1,11,0,1,90.9,10,27.3,3,118.8,1,0,72.7,8,15,11,11.0,15.0,1.5
David Moore,11981,WR,CAR,3,5.0,0,100.0,,0,0,0,0.0,0,0,5,0,64.7,69.6,51.8,65.4,49.5,0.0,0,0,5,2.4,1,42,0,1,90.5,38,28.6,12,87.5,1,0,71.4,30,5,0,0.0,5.0,0.13
Tristan Wirfs,64818,T,TB,12,1.0,0,100.0,,0,0,1,0.0,0,1,30,0,64.7,61.2,92.7,84.9,90.4,0.0,0,0,2,99.8,474,475,5,1,0.2,1,0.0,0,118.8,1,1,0.0,0,2,1,1.0,2.0,2.0
Alex Cappa,66578,C,LV,12,6.0,0,0.0,0.0,0,1,0,,0,0,23,0,,,53.5,57.6,58.1,0.3,1,0,0,99.7,349,350,3,0,0.3,1,0.0,0,39.6,1,0,0.0,0,0,0,,,0.0
Jaydon Blue,157303,HB,DAL,5,-5.0,0,100.0,,0,0,0,0.0,0,0,9,0,64.7,39.0,56.9,82.1,52.5,0.0,0,0,5,19.4,6,31,1,1,77.4,24,0.0,0,87.5,1,0,3.2,1,5,10,10.0,5.0,0.21
Jacoby Jones,157518,WR,WAS,1,3.0,0,100.0,,0,0,0,0.0,0,1,32,0,64.7,61.2,92.1,,88.1,0.0,0,0,25,0.0,0,3,0,1,100.0,3,33.3,1,118.8,1,0,66.7,2,25,22,22.0,25.0,8.33
Frank Crum,75860,T,DEN,9,1.0,0,100.0,,0,0,0,0.0,0,1,10,0,64.7,61.2,78.6,70.1,90.1,54.5,12,0,7,95.5,21,22,0,1,4.5,1,0.0,0,135.4,1,1,0.0,0,7,6,6.0,7.0,7.0
Jared Wiley,98508,TE,KC,4,-4.0,0,100.0,,0,0,0,0.0,0,1,16,0,64.7,61.2,61.7,73.6,55.9,66.7,10,0,4,20.0,3,15,0,1,73.3,11,6.7,1,83.3,1,0,13.3,2,4,8,8.0,4.0,0.36
Bo Nix,97790,QB,DEN,18,2.0,0,0.0,0.0,0,1,1,,0,0,10,3,,73.1,77.1,,56.6,0.0,0,0,0,0.0,0,773,9,0,0.3,2,0.0,0,39.6,1,0,0.1,1,0,0,,,0.0
Will Mallory,77888,TE,IND,2,16.0,0,100.0,100.0,1,1,0,0.0,0,1,14,0,64.7,61.2,82.0,69.3,83.9,50.0,4,0,16,12.5,1,8,0,1,87.5,7,37.5,3,118.8,1,0,12.5,1,16,0,0.0,16.0,2.29
Garett Bolles,11775,T,DEN,18,8.0,0,0.0,,0,0,1,,0,0,10,0,,,90.5,90.7,60.0,0.1,1,0,0,99.9,766,767,7,0,0.1,1,0.1,1,39.6,1,0,0.0,0,0,0,,,0.0
Patrick Mahomes,11765,QB,KC,14,-8.0,0,100.0,,0,0,0,0.0,0,0,16,3,,70.2,76.0,,,0.0,0,0,-10,0.0,0,636,5,1,0.0,0,0.0,0,79.2,1,0,0.0,0,-10,-2,-2.0,-10.0,
Devin Culp,84080,TE,TB,8,12.0,0,100.0,,0,0,0,0.0,0,1,30,0,64.7,61.2,55.9,,57.4,34.5,10,0,6,0.0,0,29,0,1,86.2,25,27.6,8,131.3,1,1,37.9,11,6,0,0.0,6.0,0.24
Brayden Willis,77917,TE,SF,4,2.0,0,0.0,0.0,0,1,0,,0,0,28,0,,,53.6,66.5,53.4,50.0,3,0,0,16.7,1,6,0,0,83.3,5,33.3,2,39.6,1,0,16.7,1,0,0,,,0.0
Dameon Pierce,83659,HB,KC,2,-5.0,0,0.0,,0,0,0,100.0,1,0,16,0,27.9,77.1,36.6,7.1,27.5,0.0,0,0,0,22.2,2,9,0,0,77.8,7,0.0,0,39.6,1,0,0.0,0,0,0,,,0.0
Jordan James,163295,HB,SF,1,3.0,0,100.0,,0,0,0,0.0,0,1,28,0,64.7,71.1,75.1,65.8,58.3,0.0,0,0,7,14.3,1,7,0,1,85.7,6,14.3,1,95.8,1,0,0.0,0,7,4,4.0,7.0,1.17
Evan Hull,97302,HB,NO,6,-3.0,0,100.0,,0,0,0,0.0,0,0,20,0,64.7,79.8,51.5,27.5,49.9,0.0,0,0,6,18.4,9,49,0,1,73.5,36,0.0,0,91.7,1,0,12.2,6,6,9,9.0,6.0,0.17
Spencer Anderson,81719,G,PIT,17,1.0,0,100.0,,0,0,0,0.0,0,0,25,0,64.7,61.2,58.2,61.9,46.3,24.5,48,0,4,93.9,184,196,2,1,6.1,12,1.0,2,83.3,1,0,0.5,1,4,3,3.0,4.0,0.33
Justin Fields,82118,QB,NYJ,9,7.0,0,0.0,0.0,0,1,0,,0,0,22,3,,44.4,67.3,,55.2,0.0,0,0,0,0.0,0,278,3,0,0.7,2,0.0,0,39.6,1,0,0.0,0,0,0,,,0.0
Bryce Oliver,84248,WR,TEN,3,6.0,0,100.0,,0,0,0,0.0,0,0,31,0,64.7,61.2,52.8,,52.9,0.0,0,0,8,0.0,0,22,0,1,100.0,22,22.7,5,100.0,1,0,77.3,17,8,2,2.0,8.0,0.36
Connor Colby,144862,G,SF,9,-6.0,0,100.0,,0,0,0,0.0,0,0,28,0,67.6,62.3,52.4,33.7,66.9,0.0,0,0,-1,100.0,281,281,4,1,0.0,0,0.0,0,79.2,1,0,0.0,0,-1,5,5.0,-1.0,
Carter Runyon,177002,TE,LV,7,-3.0,0,100.0,,0,0,0,0.0,0,0,23,0,64.7,61.2,50.7,72.5,54.6,66.7,12,0,3,55.6,10,18,0,1,38.9,7,5.6,1,79.2,1,0,11.1,2,3,6,6.0,3.0,0.43
Jeffery Simmons,43742,DI,TEN,1,9.0,0,100.0,,0,0,2,0.0,0,1,31,0,64.7,61.2,78.7,,81.5,0.0,0,0,1,0.0,0,1,10,1,100.0,1,0.0,0,118.8,1,1,0.0,0,1,0,0.0,1.0,1.0
Kene Nwangwu,40547,HB,NYJ,3,-6.0,0,0.0,,0,0,0,,0,0,22,0,,81.6,63.6,6.1,52.1,0.0,0,0,0,13.3,2,15,0,0,86.7,13,13.3,2,39.6,1,0,6.7,1,0,0,,,0.0
