player,player_id,position,team_name,player_game_count,attempts,avoided_tackles,breakaway_attempts,breakaway_percent,breakaway_yards,declined_penalties,designed_yards,drops,elu_recv_mtf,elu_rush_mtf,elu_yco,elusive_rating,explosive,first_downs,franchise_id,fumbles,gap_attempts,grades_hands_fumble,grades_offense,grades_offense_penalty,grades_pass,grades_pass_block,grades_pass_route,grades_run,grades_run_block,longest,penalties,rec_yards,receptions,routes,run_plays,scramble_yards,scrambles,targets,total_touches,touchdowns,yards,yards_after_contact,yco_attempt,ypa,yprr,zone_attempts
James Cook,83666,HB,BUF,19,348,64,17,25.7,459,0,1784,3,8,64,1050,56.4,45,76,4,7,175,35.2,80.7,60.1,,41.9,59.2,82.1,54.2,64,1,320,37,297,391,0,0,44,385,12,1784,1050,3.02,5.1,1.08,172
Christian McCaffrey,11763,HB,SF,19,337,50,11,16.7,214,0,1285,5,24,50,926,45.2,28,72,28,2,90,83.5,77.2,91.4,60.0,41.9,91.7,66.3,51.9,41,0,1029,113,567,372,0,0,135,450,10,1285,926,2.75,3.8,1.81,232
Jonathan Taylor,57488,HB,IND,17,323,67,16,33.1,524,0,1585,4,9,67,1136,72.4,36,84,14,2,187,80.6,78.6,68.2,,58.6,52.9,84.1,53.4,83,1,378,46,412,363,0,0,54,369,18,1585,1136,3.52,4.9,0.92,131
Derrick Henry,10679,HB,BLT,17,307,43,21,37.9,605,0,1595,1,5,43,1103,53.6,36,79,3,4,111,56.9,80.4,85.6,48.9,65.9,59.1,79.4,56.6,59,1,150,15,154,348,0,0,19,322,16,1595,1103,3.59,5.2,0.97,193
Saquon Barkley,45791,HB,PHI,17,306,56,14,29.9,373,1,1246,4,11,56,812,51.4,29,54,24,1,104,88.2,67.9,91.1,,44.4,46.8,76.0,31.6,65,2,298,40,351,360,0,0,52,346,7,1246,812,2.65,4.1,0.85,188
Kyren Williams,97118,HB,LA,19,293,49,12,17.7,247,1,1396,2,2,49,890,46.2,28,79,26,2,154,78.8,84.9,87.9,,63.8,63.0,87.2,57.8,34,1,329,42,387,327,0,0,51,335,12,1396,890,3.04,4.8,0.85,135
Bijan Robinson,123126,HB,ATL,17,287,86,16,31.9,472,0,1478,3,26,86,1133,120.8,36,63,2,4,62,49.4,86.6,90.7,,30.4,88.1,83.4,41.9,93,0,820,79,437,317,0,0,99,366,7,1478,1133,3.95,5.1,1.88,217
Travis Etienne Jr.,57185,HB,JAX,18,270,46,10,27.9,327,0,1174,4,13,46,831,58.4,28,51,15,1,121,76.5,74.2,89.5,,68.0,62.1,74.5,64.3,71,0,341,41,291,328,0,0,52,311,7,1174,831,3.08,4.3,1.17,133
Ashton Jeanty,157196,HB,LV,17,266,61,5,17.7,173,1,975,4,23,61,815,80.2,24,44,23,2,88,66.8,70.4,63.9,,34.1,66.7,73.1,53.6,64,2,346,55,359,304,0,0,68,321,5,975,815,3.06,3.7,0.96,168
D'Andre Swift,57212,HB,CHI,18,255,45,12,18.9,230,1,1216,3,4,45,747,49.7,32,66,6,2,80,74.3,83.0,39.3,,52.6,64.9,87.0,66.5,25,3,337,36,344,282,1,1,47,290,10,1217,747,2.93,4.8,0.98,168
Josh Jacobs,45953,HB,GB,16,253,48,10,20.9,206,0,984,0,8,48,758,57.9,24,58,12,2,107,63.6,85.8,58.0,,43.9,89.5,82.6,46.4,40,1,285,37,233,287,0,0,45,290,13,984,758,3.0,3.9,1.22,142
Javonte Williams,77803,HB,DAL,16,252,54,13,25.6,308,0,1201,1,7,54,896,75.6,26,67,9,2,109,73.9,75.3,64.5,,66.5,45.7,81.7,56.9,66,1,137,35,343,278,0,0,47,287,11,1201,896,3.56,4.8,0.4,140
Jahmyr Gibbs,122474,HB,DET,17,243,62,14,40.6,497,0,1223,4,25,62,716,80.1,27,56,11,2,100,75.8,85.6,64.7,,50.5,90.3,81.1,68.2,78,1,616,77,368,275,0,0,92,320,13,1223,716,2.95,5.0,1.67,137
Breece Hall,97636,HB,NYJ,16,243,40,17,36.8,392,0,1065,1,5,40,732,48.6,26,57,22,2,73,73.3,83.5,59.6,55.1,45.8,75.2,83.7,68.2,59,1,350,36,256,291,0,0,40,279,4,1065,732,3.01,4.4,1.37,164
Tony Pollard,27126,HB,TEN,17,242,39,10,22.9,248,1,1082,3,5,39,776,51.3,27,48,31,4,113,51.2,67.0,31.0,,58.0,51.8,70.5,75.9,65,2,206,33,304,264,0,0,39,275,5,1082,776,3.21,4.5,0.68,127
Rico Dowdle,40693,HB,CAR,18,241,35,10,23.8,258,0,1085,2,7,35,752,46.6,24,51,5,2,113,74.2,63.5,13.9,,24.6,55.2,70.7,43.4,53,3,303,40,268,273,0,0,48,281,6,1085,752,3.12,4.5,1.13,123
Kenneth Walker III,97199,HB,SEA,18,240,65,20,37.4,428,0,1143,2,9,65,734,82.6,36,53,29,1,91,84.5,90.7,53.4,,35.9,68.7,91.1,58.0,55,1,311,34,204,268,0,0,37,274,8,1143,734,3.06,4.8,1.52,141
De'Von Achane,124305,HB,MIA,16,238,49,24,46.1,622,0,1350,4,23,49,977,96.9,40,56,17,1,79,84.8,89.2,65.6,,43.3,74.9,91.0,57.6,59,1,488,67,377,268,0,0,85,305,8,1350,977,4.11,5.7,1.29,145
Chase Brown,77787,HB,CIN,17,232,46,9,21.5,219,0,1019,4,17,46,711,64.1,24,52,7,2,106,74.9,75.1,90.3,,27.7,71.9,77.2,56.1,37,1,437,69,400,261,0,0,86,301,6,1019,711,3.06,4.4,1.09,112
Quinshon Judkins,157128,HB,CLV,14,230,41,7,23.8,197,0,827,1,5,41,735,57.4,18,50,8,0,118,91.0,66.6,86.4,44.8,19.1,64.2,68.7,69.3,46,0,171,26,163,256,0,0,33,256,7,827,735,3.2,3.6,1.05,103
Woody Marks,124179,HB,HST,18,229,30,8,18.1,151,0,832,1,7,30,568,36.0,18,44,13,2,122,71.8,67.5,88.8,,48.9,59.1,68.9,77.3,23,0,227,26,284,264,0,0,40,255,3,832,568,2.48,3.6,0.8,101
Jaylen Warren,98692,HB,PIT,17,223,56,10,26.9,269,0,1001,1,24,56,681,92.5,25,55,25,1,75,84.1,81.0,88.2,,72.0,83.6,76.2,54.1,45,0,337,41,223,244,0,0,43,264,6,1001,681,3.05,4.5,1.51,145
TreVeyon Henderson,145059,HB,NE,19,201,31,11,39.0,376,1,963,2,10,31,667,57.2,19,46,19,1,121,82.5,68.4,54.2,,26.7,57.4,73.6,60.1,69,3,228,37,257,236,0,0,44,238,9,963,667,3.32,4.8,0.89,63
Kyle Monangai,129891,HB,CHI,19,190,30,8,20.9,177,1,846,4,8,30,549,51.5,16,46,6,0,60,90.7,67.4,88.3,,29.2,44.4,75.2,59.4,39,1,222,23,256,221,0,0,34,213,5,846,549,2.89,4.5,0.87,127
Zach Charbonnet,97630,HB,SEA,17,189,46,10,28.7,215,0,750,1,4,46,629,79.6,13,49,29,0,66,90.6,86.6,86.2,,47.8,56.4,90.5,55.8,30,0,144,20,202,217,0,0,23,209,12,750,629,3.33,4.0,0.71,118
Tyrone Tracy,84226,HB,NYG,15,176,24,7,18.9,140,0,740,2,10,24,468,42.6,19,39,21,1,62,79.7,70.2,26.6,,45.5,66.0,73.4,54.3,31,2,288,36,271,203,0,0,43,212,2,740,468,2.66,4.2,1.06,111
Jacory Croskey-Merritt,102382,HB,WAS,17,175,34,7,25.2,203,0,805,0,0,34,613,64.7,21,41,32,4,100,33.3,69.6,86.9,,44.3,43.4,75.4,50.1,72,0,68,9,140,216,0,0,11,184,8,805,613,3.5,4.6,0.49,75
Bucky Irving,144970,HB,TB,10,173,31,4,13.4,79,0,588,2,14,31,403,51.6,11,27,30,1,88,78.4,67.8,86.0,,22.6,68.2,69.2,60.3,32,0,277,30,186,184,0,0,33,203,1,588,403,2.33,3.4,1.49,76
Kimani Vidal,123727,HB,LAC,14,166,30,6,27.0,182,0,674,0,4,30,482,53.7,14,34,27,1,79,78.1,73.4,53.6,,55.5,62.5,75.4,77.8,59,1,156,18,245,186,0,0,23,184,3,674,482,2.9,4.1,0.64,85
Kareem Hunt,11841,HB,KC,17,163,27,2,8.3,51,0,611,1,4,27,435,45.7,10,55,16,2,51,61.0,72.2,24.8,,63.6,53.2,78.3,57.2,33,2,143,18,276,183,0,0,24,181,8,611,435,2.67,3.7,0.52,103
Blake Corum,129574,HB,LA,19,162,26,10,28.1,228,0,810,3,2,26,418,42.0,23,46,26,0,81,90.5,77.1,84.0,,54.8,33.6,85.2,45.5,48,0,49,10,137,176,0,0,16,172,6,810,418,2.58,5.0,0.36,79
Jordan Mason,62946,HB,MIN,16,159,31,9,24.4,185,1,758,0,2,31,542,65.0,22,44,18,3,66,44.6,73.5,86.4,,25.1,42.0,82.9,58.9,24,1,51,14,160,182,0,0,15,173,6,758,542,3.41,4.8,0.32,88
David Montgomery,45719,HB,DET,17,158,29,6,26.8,192,0,716,0,4,29,501,57.5,15,41,11,2,56,77.0,75.3,84.6,62.4,58.0,78.4,72.5,58.9,72,0,192,24,171,175,0,0,26,182,8,716,501,3.17,4.5,1.12,100
Rhamondre Stevenson,98689,HB,NE,16,156,40,10,34.4,250,1,726,1,9,40,579,93.3,17,35,19,3,89,48.5,76.3,58.5,,70.5,69.0,75.9,68.5,56,1,431,39,298,199,0,0,45,195,7,726,579,3.71,4.7,1.45,57
J.K. Dobbins,57366,HB,DEN,10,153,32,12,33.8,261,0,772,2,1,32,487,64.0,21,37,10,0,90,90.2,76.8,34.5,,60.3,46.6,80.8,47.7,41,1,37,11,114,183,0,0,14,164,4,772,487,3.18,5.0,0.32,59
RJ Harvey,99622,HB,DEN,18,152,27,4,25.5,143,0,560,4,15,27,407,55.1,9,28,10,1,91,79.7,69.8,89.0,59.0,58.6,70.4,70.1,58.3,50,0,402,52,290,183,0,0,62,204,7,560,407,2.68,3.7,1.39,52
Chuba Hubbard,57373,HB,CAR,16,147,15,0,0.0,0,0,557,4,7,15,360,30.1,8,35,5,1,47,77.4,69.9,87.4,,48.4,60.0,73.6,57.8,14,0,236,32,237,165,0,0,39,179,3,557,360,2.45,3.8,1.0,94
Tyler Allgeier,83639,HB,ATL,17,143,26,5,16.9,87,0,514,1,2,26,418,52.1,14,36,2,0,35,90.1,71.5,83.0,,70.7,56.3,72.2,52.2,21,0,96,14,107,179,0,0,16,157,8,514,418,2.92,3.6,0.9,106
Nick Chubb,45783,HB,HST,17,136,28,4,17.8,101,0,568,1,1,28,361,51.7,9,23,13,0,79,90.1,72.1,85.1,,45.5,52.1,76.4,60.0,30,0,67,13,143,153,0,0,19,149,3,568,361,2.65,4.2,0.47,54
Josh Allen,46601,QB,BUF,19,135,21,4,9.9,67,0,180,0,0,1,113,2.0,19,59,4,10,14,70.0,90.5,80.6,84.0,,,90.8,60.0,40,5,0,0,0,498,498,59,0,76,16,678,460,3.41,5.0,,6
Aaron Jones,11937,HB,MIN,12,132,12,5,17.7,97,0,548,3,3,12,352,25.0,12,28,18,2,56,56.7,65.0,86.7,,35.6,46.1,69.5,87.9,31,0,199,28,186,136,0,0,37,160,2,548,352,2.67,4.2,1.07,73
Rachaad White,131633,HB,TB,17,132,25,4,15.9,91,0,572,0,12,25,390,63.6,13,37,30,0,74,90.2,80.9,90.5,,58.2,67.1,87.2,62.9,39,0,218,40,303,167,0,0,42,172,4,572,390,2.95,4.3,0.72,55
Alvin Kamara,11822,HB,NO,11,131,19,4,14.0,66,0,471,3,4,19,336,36.0,10,21,20,3,48,41.1,51.7,89.4,,23.4,39.5,61.0,68.0,18,0,186,33,240,157,0,0,39,164,1,471,336,2.56,3.6,0.78,79
Emanuel Wilson,154173,HB,GB,18,126,17,1,3.0,15,0,499,1,6,17,386,50.0,12,32,12,1,49,73.3,63.7,86.2,,49.5,37.0,73.9,31.6,15,0,99,15,139,146,0,0,16,141,3,499,386,3.06,4.0,0.71,75
Omarion Hampton,162750,HB,LAC,10,125,32,8,35.5,193,0,544,0,3,32,418,74.5,14,31,27,1,65,74.3,77.3,85.9,,16.3,67.7,84.5,66.6,54,0,192,32,185,150,0,0,34,157,4,544,418,3.34,4.4,1.04,55
Kenneth Gainwell,77737,HB,PIT,18,120,23,6,28.0,156,0,557,3,13,23,376,57.3,16,36,25,2,39,67.3,72.6,39.2,,69.3,70.5,74.6,56.6,55,2,512,77,355,145,0,0,87,197,5,557,376,3.13,4.6,1.44,73
Devin Singletary,40485,HB,NYG,17,119,17,2,11.7,51,0,437,1,7,17,288,42.4,6,27,21,0,46,90.1,71.1,34.8,75.0,67.0,58.7,72.3,48.0,29,1,151,18,118,141,0,0,19,137,5,437,288,2.42,3.7,1.28,72
Isiah Pacheco,83747,HB,KC,13,118,13,1,3.5,16,0,462,4,2,13,324,30.1,10,27,16,0,24,89.5,58.6,48.0,,67.2,35.6,67.4,60.7,16,1,101,19,242,139,0,0,26,137,1,462,324,2.75,3.9,0.42,88
Drake Maye,143969,QB,NE,19,117,14,1,3.0,16,0,36,0,0,1,28,1.1,16,42,19,15,2,29.2,87.4,70.7,84.7,,60.0,75.0,60.4,37,2,2,1,1,466,490,67,2,51,4,526,297,2.54,4.5,2.0,5
Chris Rodriguez Jr.,83689,HB,WAS,13,112,23,4,20.0,100,0,500,0,2,23,388,75.3,13,32,32,0,65,88.5,73.5,25.4,,47.7,54.5,78.4,42.8,48,1,30,3,87,139,0,0,4,115,6,500,388,3.46,4.5,0.34,46
Jalen Hurts,40291,QB,PHI,17,110,11,2,9.4,41,0,174,0,0,5,59,6.0,12,42,24,8,9,61.2,78.7,68.1,76.4,,,71.6,60.0,29,5,0,0,0,435,261,40,0,70,8,435,180,1.64,4.0,,10
Cam Skattebo,147787,HB,NYG,8,101,22,4,18.5,76,0,410,1,7,22,307,70.5,10,27,21,1,37,68.9,80.5,31.6,,11.6,82.7,81.0,83.1,24,1,207,24,134,131,0,0,30,125,5,410,307,3.04,4.1,1.54,63
Brian Robinson,57120,HB,SF,19,95,22,4,16.8,68,0,404,0,3,22,288,72.9,10,20,28,0,32,89.7,66.7,82.2,,18.5,61.5,68.1,60.8,19,0,28,9,77,120,0,0,13,104,2,404,288,3.03,4.3,0.36,61
Bo Nix,97790,QB,DEN,18,95,8,1,4.7,18,1,65,0,0,2,46,2.8,14,29,10,5,11,73.1,77.1,61.7,76.1,,56.6,65.3,60.3,25,9,0,0,2,436,320,38,1,57,5,385,92,0.97,4.1,0.0,10
Justin Herbert,28237,QB,LAC,17,93,11,1,3.2,18,0,66,0,0,1,35,2.6,18,37,27,9,6,56.1,78.0,69.4,73.0,,,82.7,60.0,41,5,0,0,0,411,489,56,0,37,2,555,341,3.67,6.0,,4
Michael Carter,57337,HB,ARZ,13,92,9,2,12.9,43,0,333,2,17,9,217,49.1,5,19,1,0,58,88.5,71.2,88.4,,66.1,67.6,71.2,71.3,22,0,267,33,237,100,0,0,42,125,1,333,217,2.36,3.6,1.13,33
Trevor Lawrence,77632,QB,JAX,18,88,13,0,0.0,0,0,59,0,0,0,25,0.0,16,41,15,5,6,70.6,83.7,60.2,80.5,,,77.4,60.9,21,9,0,0,0,443,331,44,0,44,9,390,240,2.73,4.4,,6
Bhayshul Tuten,150568,HB,JAX,16,87,19,2,9.8,35,0,358,0,3,19,288,75.1,8,26,15,1,32,48.5,66.0,83.1,,52.9,59.1,67.7,52.3,20,0,79,10,92,111,0,0,13,97,5,358,288,3.31,4.1,0.86,54
Jaxson Dart,146409,QB,NYG,14,86,10,3,11.7,57,1,197,0,0,3,68,8.9,18,38,21,5,23,51.4,68.4,5.8,64.8,,60.0,76.9,60.2,29,9,0,0,1,325,290,38,0,48,9,487,220,2.56,5.7,0.0,6
Caleb Williams,144622,QB,CHI,19,86,16,0,0.0,0,0,31,0,0,0,21,0.0,16,33,6,10,4,66.0,76.9,64.0,72.2,62.2,89.3,82.2,60.2,29,10,22,2,4,517,417,49,2,39,3,448,202,2.35,5.2,5.5,7
Sean Tucker,123056,HB,TB,15,86,10,3,23.8,76,0,320,1,1,10,210,28.6,7,22,30,1,51,50.1,66.2,81.5,,23.0,50.3,70.9,60.4,43,0,34,8,59,102,0,0,11,94,7,320,210,2.44,3.7,0.58,35
Samaje Perine,11869,HB,CIN,15,84,17,2,13.9,53,0,382,1,7,17,271,76.7,9,32,7,3,39,29.2,66.6,88.8,,39.1,60.3,71.3,57.7,32,0,87,17,183,105,0,0,20,101,3,382,271,3.23,4.5,0.48,44
Bam Knight,97432,HB,ARZ,10,82,16,2,12.3,33,0,269,1,2,16,215,45.4,5,21,1,1,59,68.0,69.5,84.7,,39.0,67.4,72.2,52.0,17,0,160,22,132,103,0,0,29,104,4,269,215,2.62,3.3,1.21,23
Tyjae Spears,97195,HB,TEN,13,72,13,3,26.9,76,1,283,1,26,13,204,94.4,6,16,31,0,30,87.3,75.3,45.9,,49.2,90.2,69.6,35.1,41,2,264,45,215,86,0,0,50,117,2,283,204,2.83,3.9,1.23,37
Justin Fields,82118,QB,NYJ,9,71,9,1,3.9,15,0,141,0,0,4,45,9.7,10,26,22,5,6,44.4,67.3,66.7,65.5,,55.2,65.8,60.0,43,3,0,0,2,221,242,28,1,43,4,383,118,1.66,5.4,0.0,20
Jaylen Wright,146934,HB,MIA,10,70,14,2,17.4,50,0,288,2,1,14,241,68.9,6,17,17,2,30,29.5,69.3,80.5,,5.3,39.5,74.7,60.0,32,0,44,5,40,83,0,0,8,75,2,288,241,3.44,4.1,1.1,39
Ollie Gordon II,157792,HB,MIA,17,70,10,2,18.1,36,0,199,0,4,10,147,38.2,5,21,17,0,38,85.5,62.4,84.2,,23.6,53.0,70.0,45.1,20,1,32,7,93,97,0,0,9,77,3,199,147,2.1,2.8,0.34,31
Tank Bigsby,123974,HB,PHI,13,67,19,5,27.5,103,1,375,1,4,19,252,123.6,13,19,24,0,33,86.4,81.5,82.5,,19.8,46.3,88.3,60.8,29,1,32,3,54,81,0,0,4,70,2,375,252,3.76,5.6,0.59,30
Lamar Jackson,46416,QB,BLT,13,67,10,1,4.9,17,0,130,0,0,5,40,14.6,15,24,3,6,9,45.5,74.0,57.5,69.0,,58.9,78.6,60.7,19,4,0,0,1,308,219,30,0,37,2,349,209,3.12,5.2,0.0,15
Dylan Sampson,163772,HB,CLV,15,65,12,2,25.7,45,1,175,1,8,12,159,49.9,3,12,8,1,25,65.3,65.8,87.4,,23.0,80.6,61.1,31.2,26,1,271,33,146,77,0,0,35,98,0,175,159,2.45,2.7,1.86,37
Patrick Mahomes,11765,QB,KC,14,64,8,0,0.0,0,0,2,0,0,1,0,0.0,18,27,16,3,0,70.2,76.0,65.3,70.7,,,86.7,60.4,22,5,-10,1,0,298,420,53,1,12,5,422,171,2.67,6.6,,1
Keaton Mitchell,123826,HB,BLT,13,59,10,6,46.0,157,0,341,1,0,10,197,49.1,10,16,3,1,25,70.6,57.4,82.5,,22.2,53.4,60.3,59.2,55,0,63,9,48,75,0,0,12,68,1,341,197,3.34,5.8,1.31,29
Ray Davis,101072,HB,BUF,19,58,10,3,20.0,55,0,275,1,2,10,164,48.5,9,15,4,0,28,68.3,70.4,83.6,,64.8,66.0,70.0,60.3,23,0,119,12,95,96,0,0,15,70,0,275,164,2.83,4.7,1.25,29
Jayden Daniels,97993,QB,WAS,7,58,12,0,0.0,0,0,32,0,0,2,43,21.5,8,14,32,3,11,52.1,74.9,86.1,73.8,,,65.6,60.1,18,3,0,0,0,139,246,38,0,20,2,278,250,4.31,4.8,,3
Bryce Young,123943,QB,CAR,17,57,6,0,0.0,0,1,-5,0,0,0,1,0.0,8,17,5,7,0,56.5,71.0,67.9,68.2,,,72.6,60.2,24,6,0,0,0,404,245,35,0,22,3,240,112,1.96,4.2,,3
Devin Neal,144558,HB,NO,9,57,10,2,17.5,36,0,206,1,5,10,136,48.4,3,11,20,0,6,85.8,58.8,86.2,,57.8,58.8,58.7,55.8,21,0,104,17,140,87,0,0,19,74,2,206,136,2.39,3.6,0.74,51
Baker Mayfield,46518,QB,TB,17,55,19,0,0.0,0,0,5,0,0,0,2,0.0,15,27,30,11,2,41.4,70.0,79.8,64.8,,60.0,86.8,60.1,33,5,0,0,0,419,377,43,0,12,1,382,282,5.13,6.9,,1
Dak Prescott,10769,QB,DAL,17,53,7,0,0.0,0,0,1,0,0,0,7,0.0,5,15,9,6,1,66.9,86.9,90.3,85.4,,,61.3,60.2,14,5,0,0,0,423,176,26,0,27,2,177,140,2.64,3.3,,2
Taysom Hill,12112,TE,NO,13,52,4,1,25.4,29,0,114,3,1,4,126,19.2,1,16,20,3,27,30.0,53.4,87.1,70.7,41.0,50.7,54.5,59.2,29,2,91,11,83,112,0,0,15,63,1,114,126,2.42,2.2,1.1,17
Malik Davis,57196,HB,DAL,9,52,6,4,40.4,101,0,250,1,0,6,171,36.5,4,11,9,0,15,83.3,60.3,82.1,,50.0,43.0,65.2,59.4,43,0,16,2,53,66,0,0,5,54,2,250,171,3.29,4.8,0.3,36
C.J. Stroud,129759,QB,HST,16,51,2,0,0.0,0,0,15,0,0,0,9,0.0,8,18,13,7,0,60.7,65.0,78.6,62.0,,,73.2,61.3,30,4,0,0,0,407,205,28,0,23,1,220,44,0.86,4.3,,1
Ty Johnson,45769,HB,BUF,17,50,6,2,20.0,40,0,200,2,9,6,114,46.2,2,13,4,1,12,57.9,64.9,88.6,,26.4,64.5,69.8,62.1,23,0,263,24,216,73,0,0,31,74,3,200,114,2.28,4.0,1.22,31
Marcus Mariota,9435,QB,WAS,11,50,7,3,22.2,66,0,134,0,0,3,57,16.7,9,12,32,6,16,29.6,71.4,87.0,72.3,,,55.8,61.0,44,4,0,0,0,225,163,18,0,32,1,297,107,2.14,5.9,,5
Jordan Love,40306,QB,GB,16,48,9,0,0.0,0,0,16,0,0,0,3,0.0,8,15,12,9,0,62.9,88.8,78.0,88.7,,,54.5,60.4,25,5,0,0,0,393,194,25,0,23,0,210,131,2.73,4.4,,5
Brock Purdy,77672,QB,SF,11,47,6,0,0.0,0,1,30,0,0,0,8,0.0,6,21,28,5,0,65.8,85.4,56.6,82.6,60.9,57.7,75.7,60.0,26,3,0,0,1,280,178,25,0,22,3,208,111,2.36,4.4,0.0,4
Kendre Miller,123091,HB,NO,7,47,15,1,9.3,18,0,193,0,1,15,169,110.6,5,9,20,0,14,85.5,74.0,81.6,,57.4,72.9,72.6,51.7,18,0,30,5,30,59,0,0,5,52,1,193,169,3.6,4.1,1.0,31
Audric Estime,147476,HB,NO,6,46,10,1,16.2,32,0,198,0,4,10,151,79.2,2,12,20,0,11,83.1,75.8,84.4,,63.4,69.2,79.6,43.6,32,0,103,12,98,62,0,0,13,58,1,198,151,3.28,4.3,1.05,35
Daniel Jones,39395,QB,IND,13,45,3,0,0.0,0,0,13,0,0,0,12,0.0,6,19,14,9,1,50.5,71.7,74.1,68.7,,58.9,73.7,60.3,19,5,0,0,1,295,151,23,0,22,5,164,89,1.98,3.6,0.0,2
Tyler Shough,83537,QB,NO,11,45,8,1,18.3,34,0,61,0,0,1,10,1.6,6,11,20,3,3,86.6,74.6,87.7,73.1,,59.0,64.8,60.7,34,0,0,0,1,207,125,20,0,25,3,186,104,2.31,4.1,0.0,7
Emari Demercado,77763,HB,ARZ,12,44,7,5,57.4,179,1,312,2,2,7,243,87.2,9,9,1,1,32,41.7,53.9,86.9,,46.0,54.0,57.7,29.6,71,1,101,13,116,48,0,0,18,57,0,312,243,5.52,7.1,0.87,12
Brashard Smith,143951,HB,KC,17,44,6,0,0.0,0,0,151,2,7,6,98,42.0,2,5,16,1,6,87.5,67.3,87.1,,73.2,76.4,57.5,54.0,14,0,172,25,108,77,0,0,33,69,0,151,98,2.23,3.4,1.59,31
Jeremy McNichols,11917,HB,WAS,17,44,11,3,43.0,95,2,221,1,7,11,184,109.1,5,13,32,1,18,53.6,66.7,0.0,,57.4,60.5,77.3,67.9,60,5,196,25,195,68,0,0,31,69,1,221,184,4.18,5.0,1.01,26
Jawhar Jordan,99595,HB,HST,4,43,11,1,25.9,50,0,193,0,2,11,155,93.7,7,8,13,0,14,82.3,79.2,79.7,,80.5,74.5,75.3,60.0,50,0,34,7,25,45,0,0,7,50,0,193,155,3.6,4.5,1.36,28
Isaiah Davis,138299,HB,NYJ,16,43,7,4,45.8,108,0,236,1,3,7,157,57.0,6,6,22,0,14,85.2,69.0,87.1,,56.6,72.0,69.4,57.6,50,0,186,21,159,61,0,0,27,64,1,236,157,3.65,5.5,1.17,26
Geno Smith,7820,QB,LV,15,41,3,0,0.0,0,0,0,1,0,0,12,0.0,3,13,23,4,2,67.4,60.9,89.2,58.2,,,70.3,60.0,20,4,0,0,0,305,109,18,0,23,0,109,151,3.68,2.7,,2
Jaleel McLaughlin,138346,HB,DEN,9,41,14,2,14.9,31,0,208,1,1,14,110,89.4,6,9,10,0,17,43.3,65.2,79.0,,77.3,51.9,66.7,60.1,16,0,27,4,38,53,0,0,5,45,1,208,110,2.68,5.1,0.71,22
Jaret Patterson,77745,HB,LAC,6,41,11,1,13.8,22,0,159,0,0,11,136,82.9,2,7,27,0,24,82.7,65.9,81.0,,45.2,56.8,70.5,40.9,22,0,8,3,45,51,0,0,4,44,1,159,136,3.32,3.9,0.18,16
Cam Ward,133244,QB,TEN,17,39,5,0,0.0,0,0,2,0,0,0,5,0.0,6,15,31,11,1,30.0,58.5,67.2,56.4,,,70.1,60.4,20,3,0,0,0,344,157,24,0,15,2,159,126,3.23,4.1,,3
Jacoby Brissett,10725,QB,ARZ,14,38,5,0,0.0,0,0,19,0,0,0,9,0.0,5,16,1,5,0,52.2,70.6,75.3,68.6,,,68.9,60.8,15,3,0,0,0,231,149,22,0,16,1,168,114,3.0,4.4,,3
Jaydon Blue,157303,HB,DAL,5,38,4,1,20.9,27,0,129,0,0,4,65,17.5,5,7,9,1,13,39.0,56.9,0.0,,82.1,52.5,59.0,60.0,27,1,5,1,24,47,0,0,1,39,1,129,65,1.71,3.4,0.21,23
J.J. McCarthy,144918,QB,MIN,10,37,10,0,0.0,0,0,25,0,0,1,15,3.8,8,12,18,6,1,28.3,61.8,7.0,60.1,,60.0,71.6,60.1,26,6,0,0,1,212,156,17,0,20,4,181,126,3.41,4.9,0.0,3
Mac Jones,60323,QB,SF,12,37,1,0,0.0,0,0,5,0,0,0,7,0.0,3,13,28,4,1,72.4,76.7,49.6,75.4,,,66.9,60.1,13,3,0,0,0,220,62,9,0,28,0,67,14,0.38,1.8,,0
Sam Darnold,29048,QB,SEA,18,35,2,0,0.0,0,0,6,0,0,0,1,0.0,2,10,29,11,0,39.0,79.9,68.5,80.7,,58.9,42.1,60.7,24,5,0,0,1,492,89,14,0,21,0,95,46,1.31,2.7,0.0,2
James Conner,11860,HB,ARZ,3,32,8,0,0.0,0,1,95,0,4,8,69,64.7,1,7,1,1,26,36.5,62.8,0.0,,29.2,73.4,63.3,60.0,12,1,38,8,41,38,0,0,9,40,1,95,69,2.16,3.0,0.93,5
Zavier Scott,55123,HB,MIN,9,32,5,0,0.0,0,0,114,0,2,5,95,45.2,3,6,18,2,10,24.5,71.4,82.6,,74.3,85.0,60.0,,11,0,98,14,58,31,0,0,15,46,0,114,95,2.97,3.6,1.69,19
Matthew Stafford,4924,QB,LA,19,32,0,0,,0,0,-22,0,0,0,18,0.0,0,1,26,9,1,67.5,91.6,72.2,91.4,,,35.0,60.0,6,5,0,0,0,513,22,7,0,25,0,0,23,0.72,0.0,,0
Spencer Rattler,97408,QB,NO,9,31,5,0,0.0,0,0,61,0,0,2,29,21.3,5,17,20,4,8,44.8,70.0,66.1,66.1,,57.1,76.9,60.8,15,3,0,1,2,174,106,15,2,17,0,167,134,4.32,5.4,0.0,2
Kyler Murray,38334,QB,ARZ,5,29,7,0,0.0,0,0,28,0,0,0,21,0.0,6,10,1,1,6,90.2,72.2,55.1,69.5,,,71.4,60.0,30,4,0,0,0,107,145,17,0,12,1,173,90,3.1,6.0,,3
Trey Benson,131705,HB,ARZ,4,29,10,2,50.6,81,0,160,0,4,10,104,119.5,4,4,1,0,20,80.8,62.3,81.9,,57.0,62.7,62.1,57.9,52,0,64,13,72,40,0,0,14,42,0,160,104,3.59,5.5,0.89,9
Kaleb Johnson,156419,HB,PIT,10,28,4,0,0.0,0,0,69,1,0,4,65,32.0,0,2,25,0,6,34.4,40.2,0.0,,8.4,38.9,49.4,60.0,9,1,9,1,16,33,0,0,2,29,0,69,65,2.32,2.5,0.56,22
Chris Brooks,83644,HB,GB,18,28,6,1,13.1,16,0,122,2,5,6,86,80.4,4,6,12,0,9,80.2,69.5,87.8,,70.8,52.6,73.6,86.8,16,0,102,14,120,65,0,0,18,42,0,122,86,3.07,4.4,0.85,17
Raheim Sanders,146626,HB,CLV,4,27,5,0,0.0,0,0,92,0,3,5,84,83.0,1,7,8,0,10,79.4,73.6,76.6,,77.5,74.0,69.9,59.7,14,0,21,3,19,35,0,0,4,30,1,92,84,3.11,3.4,1.11,16
Tyrod Taylor,6332,QB,NYJ,6,27,7,0,0.0,0,0,2,0,0,0,2,0.0,5,10,22,1,0,89.4,60.2,84.2,57.6,,,65.9,60.0,15,2,0,0,0,73,141,22,0,5,1,143,115,4.26,5.3,,2
DJ Giddens,144595,HB,IND,9,26,2,0,0.0,0,0,96,1,0,2,69,20.4,2,5,14,0,15,78.9,52.2,79.9,,15.4,30.4,61.3,60.0,12,0,0,0,22,41,0,0,2,26,0,96,69,2.65,3.7,0.0,11
Antonio Gibson,78050,HB,NE,5,25,1,2,34.0,36,0,106,0,0,1,69,10.2,3,6,19,1,9,23.9,55.1,77.3,,78.2,51.9,56.4,60.0,21,0,6,2,18,29,0,0,3,27,1,106,69,2.76,4.2,0.33,13
Tyler Huntley,46448,QB,BLT,5,24,2,1,16.6,25,0,67,0,0,2,35,24.2,6,11,3,0,1,85.6,79.5,83.3,68.8,,,87.7,60.3,29,1,0,0,0,112,84,7,0,17,0,151,45,1.88,6.3,,4
LeQuint Allen,158290,HB,JAX,18,24,3,0,0.0,0,0,97,0,0,3,61,21.8,2,5,15,0,8,85.0,55.0,87.5,,62.8,50.2,58.8,44.8,12,0,63,11,152,46,0,0,12,35,0,97,61,2.54,4.0,0.41,16
Jerome Ford,83601,HB,CLV,13,24,2,0,0.0,0,0,73,3,3,2,66,27.5,2,5,8,0,9,83.8,55.4,89.4,,52.9,49.4,59.5,60.0,12,0,103,26,169,25,0,0,30,50,0,73,66,2.75,3.0,0.61,13
Terrell Jennings,102408,HB,NE,5,23,1,0,0.0,0,0,73,0,0,1,53,9.6,2,8,19,0,19,78.8,65.2,73.9,,74.6,75.6,62.1,60.0,11,0,9,1,4,31,0,0,1,24,1,73,53,2.3,3.2,2.25,4
George Holani,72154,HB,SEA,4,22,5,0,0.0,0,0,73,0,0,5,61,57.8,0,5,29,1,5,37.7,59.9,73.8,,70.6,71.3,57.8,60.0,9,0,15,2,7,27,0,0,2,24,1,73,61,2.77,3.3,2.14,17
Malik Willis,60341,QB,GB,4,22,5,2,30.9,38,0,56,0,0,1,13,7.7,7,9,12,2,0,42.0,92.3,80.5,90.8,,,80.3,60.0,22,0,0,0,0,48,67,9,0,13,2,123,60,2.73,5.6,,5
Raheem Mostert,9783,HB,LV,12,22,2,1,35.6,37,0,104,0,2,2,79,42.2,3,5,23,0,3,84.5,56.9,85.0,,45.9,66.8,52.4,60.0,37,0,70,12,81,28,0,0,12,34,0,104,79,3.59,4.7,0.86,17
Aaron Rodgers,2241,QB,PIT,17,21,0,0,0.0,0,0,-7,0,0,0,0,0.0,2,3,25,6,0,52.9,68.0,54.2,68.8,,,42.7,60.6,20,6,-9,1,0,357,68,12,1,10,1,61,24,1.14,2.9,,0
Michael Penix Jr.,82134,QB,ATL,9,21,2,0,0.0,0,0,-7,0,0,0,0,0.0,2,5,2,4,1,73.1,59.3,50.0,58.0,,,66.2,60.1,15,7,0,0,0,228,77,13,0,8,1,70,34,1.62,3.3,,0
Trevor Etienne,157730,HB,CAR,15,21,3,1,22.4,22,0,98,0,2,3,63,62.5,3,6,5,0,11,66.1,68.6,80.2,,69.2,54.1,72.0,62.5,22,0,13,3,20,43,0,0,3,24,0,98,63,3.0,4.7,0.65,9
Shedeur Sanders,131396,QB,CLV,8,21,6,0,0.0,0,0,2,0,0,0,6,0.0,7,7,8,2,0,48.7,44.1,17.2,42.3,,,67.9,60.1,16,7,0,0,0,163,167,18,0,3,1,169,135,6.43,8.0,,1
Joe Flacco,4332,QB,CIN,13,21,1,0,0.0,0,1,5,0,0,0,6,0.0,2,9,7,3,0,60.2,68.3,10.8,67.1,,,76.1,60.3,13,8,0,0,0,223,30,4,0,17,1,35,24,1.14,1.7,,1
Miles Sanders,40555,HB,DAL,4,20,3,1,41.9,49,0,117,0,3,3,60,64.3,1,5,9,1,9,29.2,66.7,79.6,,36.8,76.3,65.9,60.0,49,0,30,8,25,23,0,0,8,28,1,117,60,3.0,5.9,1.2,10
Tua Tagovailoa,60326,QB,MIA,14,20,0,0,0.0,0,0,-3,0,0,0,5,0.0,0,1,17,8,1,45.4,62.1,60.6,65.8,,60.0,27.0,60.0,8,4,0,0,1,310,46,12,0,8,0,43,9,0.45,2.2,0.0,2
Jared Goff,10635,QB,DET,17,19,0,0,0.0,0,0,-3,0,0,0,12,0.0,1,5,11,6,1,69.6,77.7,68.9,76.8,,61.7,52.6,60.7,24,5,0,0,4,431,48,5,0,14,0,45,14,0.74,2.4,0.0,0
Evan Hull,97302,HB,NO,6,19,0,0,0.0,0,0,48,0,0,0,36,0.0,0,2,20,0,9,79.8,51.5,80.6,,27.5,49.9,55.9,60.3,8,0,6,1,36,28,0,0,1,20,0,48,36,1.89,2.5,0.17,10
Braelon Allen,145159,HB,NYJ,4,18,1,1,19.7,15,0,76,1,1,1,46,25.6,1,4,22,1,2,27.6,50.1,79.6,,83.9,41.9,49.8,69.1,15,0,17,2,20,30,0,0,3,20,1,76,46,2.56,4.2,0.85,14
Russell Wilson,7077,QB,NYG,6,18,1,0,0.0,0,2,15,0,0,0,9,0.0,4,6,21,3,1,27.9,63.3,83.7,63.5,,,56.5,60.0,15,4,0,0,0,68,91,12,0,6,0,106,32,1.78,5.9,,1
Justice Hill,45865,HB,BLT,10,18,2,1,76.3,71,0,93,1,9,2,88,137.9,1,4,3,1,5,39.1,63.7,87.2,,37.5,62.1,69.6,75.1,71,0,169,21,126,45,0,0,27,39,2,93,88,4.89,5.2,1.34,11
Malik Washington,97108,WR,MIA,17,17,6,1,16.4,18,0,110,1,13,6,85,150.8,3,5,17,1,2,72.4,60.9,52.4,,,62.8,59.5,43.9,18,2,317,46,368,179,0,0,62,63,1,110,85,5.0,6.5,0.86,4
British Brooks,77714,FB,HST,13,17,3,1,25.6,20,0,78,0,0,3,63,65.4,1,5,13,0,7,76.2,78.2,80.7,,80.2,58.1,74.5,59.8,20,0,0,0,2,60,0,0,0,17,0,78,63,3.71,4.6,0.0,6
Hassan Haskins,83701,HB,LAC,10,17,1,0,0.0,0,0,47,0,1,1,49,27.5,1,4,27,0,9,79.8,58.5,80.3,,44.2,57.2,58.4,71.6,10,0,13,4,42,23,0,0,4,21,0,47,49,2.88,2.8,0.31,8
Ty Chandler,62942,HB,MIN,2,17,1,0,0.0,0,0,47,0,0,1,48,14.1,0,1,18,0,4,78.2,61.8,75.3,,66.0,67.5,59.8,60.0,5,0,11,3,16,20,0,0,4,20,0,47,48,2.82,2.8,0.69,13
Trey Lance,91399,QB,LAC,4,17,6,0,0.0,0,0,10,0,0,0,20,0.0,5,5,27,1,2,50.7,36.0,3.6,31.3,,,66.5,60.0,22,1,0,0,0,28,75,7,0,10,0,85,96,5.65,5.0,,3
KaVontae Turpin,47658,WR,DAL,15,17,6,1,28.1,25,1,89,4,6,6,48,78.8,1,3,9,1,4,74.7,61.6,83.7,,67.1,64.7,46.8,48.9,25,1,396,26,240,113,0,0,36,43,0,89,48,2.82,5.2,1.65,2
Deebo Samuel,48274,WR,WAS,16,17,4,2,64.0,48,1,75,5,17,4,57,79.1,2,4,32,2,9,28.8,69.4,74.9,,61.8,70.3,58.8,53.6,29,5,727,72,437,234,0,0,99,89,1,75,57,3.35,4.4,1.66,1
DJ Moore,48267,WR,CHI,19,17,1,1,20.7,17,0,82,3,5,1,33,14.9,3,6,6,1,6,82.5,67.8,40.9,68.9,74.7,67.9,69.8,61.0,17,8,798,61,642,421,0,0,95,78,1,82,33,1.94,4.8,1.24,4
Hunter Luepke,91319,FB,DAL,17,16,1,0,0.0,0,0,71,1,5,1,45,58.2,0,6,9,0,2,78.0,60.5,88.3,,54.3,70.6,65.3,45.4,9,0,109,13,85,122,0,0,15,29,0,71,45,2.81,4.4,1.28,9
Tahj Brooks,123133,HB,CIN,7,16,2,0,0.0,0,0,45,0,0,2,32,23.5,0,1,7,0,4,79.9,48.7,76.9,,2.9,59.6,56.8,60.0,7,0,9,1,20,24,0,0,2,17,0,45,32,2.0,2.8,0.45,12
Khalil Herbert,41668,HB,NYJ,3,16,2,0,0.0,0,0,52,1,0,2,37,27.2,0,2,22,0,1,76.5,61.8,77.0,,77.0,31.9,67.3,60.0,7,0,4,1,18,19,0,0,3,17,0,52,37,2.31,3.3,0.22,14
Puka Nacua,100632,WR,LA,18,15,5,2,50.4,63,0,125,5,28,5,96,132.8,4,7,26,1,0,68.8,95.8,78.0,,79.7,95.8,62.4,77.9,45,1,1882,144,542,281,0,0,186,159,2,125,96,6.4,8.3,3.47,2
Najee Harris,57121,HB,LAC,3,15,2,0,0.0,0,0,61,0,2,2,55,81.5,0,3,27,0,7,76.4,81.4,75.3,,26.2,70.3,83.9,60.0,7,0,25,3,18,19,0,0,3,18,0,61,55,3.67,4.1,1.39,7
Connor Heyward,57301,TE,PIT,17,15,0,1,67.4,29,0,43,0,0,0,11,0.0,1,11,25,0,0,76.7,74.3,81.2,,57.7,61.1,82.1,55.3,29,0,21,3,19,65,0,0,4,18,2,43,11,0.73,2.9,1.11,1
Kirk Cousins,7102,QB,ATL,10,14,0,0,0.0,0,0,-1,0,0,0,3,0.0,0,4,2,3,1,68.4,76.0,30.5,75.0,,,66.3,60.1,6,5,0,0,0,241,8,2,0,12,1,7,5,0.36,0.5,,0
Will Shipley,144138,HB,PHI,16,14,0,1,40.8,20,0,49,1,0,0,36,0.0,1,4,24,0,5,47.3,54.9,84.8,,37.2,63.1,45.1,78.2,20,0,62,10,79,21,0,0,11,24,0,49,36,2.57,3.5,0.78,8
Ameer Abdullah,9487,HB,IND,13,14,4,0,0.0,0,0,60,0,6,4,49,116.7,1,3,14,0,2,43.2,70.5,81.0,,44.2,81.7,66.1,56.3,14,0,99,16,58,19,0,0,17,30,1,60,49,3.5,4.3,1.71,12
D'Ernest Johnson,45734,HB,NE,6,14,1,0,0.0,0,0,25,0,0,1,30,15.3,0,0,19,0,6,78.6,53.3,78.1,,22.5,53.2,58.8,60.0,5,0,0,0,17,20,0,0,0,14,0,25,30,2.14,1.8,0.0,8
Dillon Gabriel,86272,QB,CLV,10,14,2,0,0.0,0,0,-3,0,0,1,3,33.3,3,4,8,0,1,90.2,49.0,7.3,49.6,,60.0,58.8,60.0,19,5,0,0,1,139,89,11,0,3,0,86,37,2.64,6.1,0.0,1
Dameon Pierce,83659,HB,KC,3,14,2,0,0.0,0,0,36,1,0,2,31,31.6,1,1,16,0,8,77.1,36.6,74.3,,7.1,27.5,51.6,60.0,10,0,0,0,7,19,0,0,1,14,0,36,31,2.21,2.6,0.0,6
Austin Ekeler,12164,HB,WAS,2,14,0,0,0.0,0,0,43,0,2,0,33,24.8,0,3,32,0,7,76.3,56.2,0.0,,67.0,59.5,56.6,58.8,6,1,38,5,40,17,0,0,7,19,0,43,33,2.36,3.1,0.95,6
Joe Burrow,28022,QB,CIN,8,14,0,0,0.0,0,0,12,0,0,0,2,0.0,0,5,7,0,0,90.7,91.8,86.8,91.3,,,59.0,60.0,9,4,0,0,0,175,29,9,0,5,0,41,19,1.36,2.9,,0
Malachi Corley,66272,WR,CLV,13,13,8,3,49.6,63,0,127,0,4,8,106,407.7,6,6,8,0,1,82.9,70.3,83.3,,,65.1,78.5,61.0,31,0,79,11,76,112,0,0,13,24,0,127,106,8.15,9.8,1.04,0
Brady Cook,124199,QB,NYJ,5,13,2,0,0.0,0,0,5,0,0,0,2,0.0,2,4,22,3,1,39.2,32.4,84.8,32.7,,,50.4,60.0,12,1,0,0,0,111,44,7,0,6,0,49,23,1.77,3.8,,0
Kene Nwangwu,40547,HB,NYJ,4,13,2,1,32.7,16,0,49,0,0,2,37,43.8,1,2,22,0,4,81.6,63.6,80.2,,6.1,52.1,70.0,60.0,16,0,0,0,13,15,0,0,1,13,0,49,37,2.85,3.8,0.0,9
Davis Mills,52269,QB,HST,6,13,1,0,0.0,0,0,2,0,0,0,3,0.0,3,2,13,1,0,57.9,64.0,0.0,67.6,,58.9,43.6,60.0,14,3,0,0,1,108,58,7,0,6,1,60,14,1.08,4.6,0.0,1
Corey Kiner,86392,HB,ARZ,4,12,4,0,0.0,0,0,58,1,0,4,37,88.1,0,4,1,0,7,75.4,56.0,73.8,,12.8,33.1,62.0,72.4,9,0,15,2,15,12,0,0,3,14,0,58,37,3.08,4.8,1.0,5
Nick Mullens,12282,QB,JAX,5,12,0,0,0.0,0,0,-8,0,0,0,0,0.0,0,0,15,0,0,75.1,70.6,76.8,71.2,,,62.8,60.0,0,0,0,0,0,33,0,0,0,12,0,-8,0,0.0,-0.7,,0
Josh Johnson,4474,QB,WAS,5,12,3,0,0.0,0,0,1,0,0,0,2,0.0,2,4,32,2,1,26.6,52.9,82.0,55.4,,,47.3,60.3,13,0,0,0,0,66,54,8,0,4,1,55,28,2.33,4.6,,1
Marvin Mims Jr.,122937,WR,DEN,16,12,3,1,20.5,16,0,78,1,4,3,35,35.8,2,3,10,1,3,73.8,67.0,88.4,,,66.6,62.5,59.5,16,0,415,45,311,97,0,0,59,57,1,78,35,2.92,6.5,1.33,0
Zamir White,83665,HB,LV,5,12,2,0,0.0,0,0,32,0,0,2,27,28.1,0,1,23,0,1,79.8,51.6,79.6,,57.7,58.4,48.8,60.0,9,0,24,4,30,16,0,0,6,16,0,32,27,2.25,2.7,0.8,11
AJ Dillon,57165,HB,PHI,7,12,2,0,0.0,0,0,60,0,0,2,40,44.4,1,4,24,1,6,23.8,54.7,81.4,,71.3,45.8,56.8,60.0,11,0,21,3,18,23,0,0,3,15,0,60,40,3.33,5.0,1.17,5
Xavier Worthy,144718,WR,KC,14,11,1,2,59.8,52,0,87,2,8,1,12,18.5,3,4,16,0,2,81.7,67.0,89.4,,,66.3,61.1,60.7,35,1,532,42,424,190,0,0,72,53,0,87,12,1.09,7.9,1.25,0
Rashid Shaheed,63707,WR,SEA,19,11,1,2,63.5,61,0,96,0,2,1,34,13.2,4,4,29,1,3,55.6,66.1,46.2,,,67.7,72.6,31.5,31,3,687,59,503,192,0,0,91,70,0,96,34,3.09,8.7,1.37,2
Savion Williams,123101,WR,GB,12,11,3,1,43.2,16,0,37,0,2,3,17,36.8,1,1,12,1,5,45.2,60.2,82.9,,,62.5,55.7,56.9,16,0,78,10,43,47,0,0,10,21,0,37,17,1.55,3.4,1.81,3
AJ Barner,129433,TE,SEA,18,11,0,0,0.0,0,1,16,2,5,0,9,6.5,0,10,29,2,0,26.8,75.3,53.2,,65.7,75.5,89.5,65.5,2,6,519,52,376,388,0,0,64,63,1,16,9,0.82,1.5,1.38,0
Tre Tucker,101106,WR,LV,17,11,2,0,0.0,0,0,51,5,9,2,23,33.8,1,1,23,0,0,84.3,65.9,79.3,,,65.7,60.9,59.0,10,4,696,57,582,324,0,0,90,68,0,51,23,2.09,4.6,1.2,0
Julius Chestnut,109239,HB,TEN,10,11,0,1,67.5,27,0,40,0,0,0,18,0.0,1,4,31,0,7,75.7,60.8,76.7,,26.3,52.2,71.1,40.4,27,0,0,0,19,18,0,0,2,11,0,40,18,1.64,3.6,0.0,3
Chimere Dike,129918,WR,TEN,17,11,3,0,0.0,0,1,18,2,2,3,34,26.2,0,0,31,0,2,79.6,61.4,55.8,,24.1,65.1,49.9,35.7,9,4,423,48,414,189,0,0,73,59,0,18,34,3.09,1.6,1.02,0
Carson Wentz,10636,QB,MIN,5,11,3,0,0.0,0,0,0,0,0,0,0,0.0,3,3,18,3,0,43.4,50.4,53.4,50.0,,56.7,62.7,60.3,16,3,0,0,1,88,57,9,0,2,0,57,52,4.73,5.2,0.0,0
Dare Ogunbowale,12329,HB,HST,16,11,1,0,0.0,0,0,25,1,1,1,26,22.5,0,1,13,1,3,25.3,48.6,85.4,,52.5,46.3,49.7,,9,0,76,10,66,11,0,0,13,21,1,25,26,2.36,2.3,1.15,6
Mark Andrews,47436,TE,BLT,17,10,0,1,72.9,35,1,48,3,3,0,6,3.1,1,7,3,1,0,44.6,64.4,61.0,,50.2,61.6,82.9,67.1,35,7,422,48,344,240,0,0,65,58,1,48,6,0.6,4.8,1.23,0
Joshua Dobbs,11890,QB,NE,4,10,1,0,0.0,0,0,-7,0,0,0,0,0.0,0,0,19,0,0,76.3,64.0,77.4,66.5,,,56.1,60.0,2,0,0,0,0,31,2,1,0,9,0,-5,8,0.8,-0.5,,0
Adam Prentice,35639,FB,DEN,18,10,1,1,40.9,18,0,44,1,0,1,26,16.3,1,7,10,0,0,74.9,51.2,84.7,,85.7,54.6,58.3,44.0,18,0,53,6,59,136,0,0,8,16,0,44,26,2.6,4.4,0.9,1
Velus Jones Jr.,40573,HB,SEA,5,10,0,1,59.5,25,0,42,0,0,0,15,0.0,1,1,29,0,5,78.0,62.6,74.7,,65.8,59.2,62.2,59.8,25,0,0,0,2,17,0,0,0,10,0,42,15,1.5,4.2,0.0,5
Trayveon Williams,45775,HB,CLV,5,10,3,0,0.0,0,0,36,0,0,3,32,53.3,1,3,8,0,2,79.1,59.7,82.4,,50.1,63.5,58.0,60.0,11,0,55,8,52,14,0,0,8,18,0,36,32,3.2,3.6,1.06,8
Matthew Golden,156165,WR,GB,15,10,3,0,0.0,0,0,49,1,6,3,49,102.6,0,3,12,0,0,81.6,70.5,86.8,,66.4,72.7,54.3,47.1,9,0,445,33,291,178,0,0,46,43,0,49,49,4.9,4.9,1.53,1
Zay Flowers,97268,WR,BLT,17,10,5,1,29.0,18,2,62,5,16,5,37,80.9,2,3,3,4,4,23.5,79.6,54.6,,,81.6,52.8,60.0,18,5,1211,86,479,367,0,0,117,96,1,62,37,3.7,6.2,2.53,0
Ronnie Rivers,57208,HB,LA,4,9,1,0,0.0,0,0,46,0,0,1,27,33.3,0,3,26,0,7,81.9,80.2,71.6,,,56.8,77.4,60.0,9,0,0,0,2,16,0,0,0,9,0,46,27,3.0,5.1,0.0,2
Mitch Trubisky,11757,QB,BUF,4,9,0,0,0.0,0,0,-7,0,0,0,0,0.0,0,0,4,0,0,80.3,79.9,80.8,77.7,,,66.6,60.3,9,0,0,0,0,59,13,2,0,7,0,6,5,0.56,0.7,,0
Jake Browning,46401,QB,CIN,5,9,1,0,0.0,0,1,8,0,0,0,6,0.0,2,5,7,1,0,67.2,51.9,41.7,51.5,,,62.2,60.0,13,3,0,0,0,62,31,4,0,5,1,39,25,2.78,4.3,,0
Tyler Goodson,101659,HB,IND,9,9,1,0,0.0,0,0,24,0,0,1,14,14.1,0,0,14,0,7,74.8,52.0,76.9,,75.0,53.3,51.2,60.2,6,0,8,2,22,13,0,0,3,11,0,24,14,1.56,2.7,0.36,2
Jimmy Garoppolo,8697,QB,LA,3,9,0,0,0.0,0,0,-10,0,0,0,0,0.0,0,0,26,0,0,72.7,55.6,0.0,,,,62.3,60.0,-1,1,0,0,0,18,0,0,0,9,0,-10,0,0.0,-1.1,,0
Parker Washington,129799,WR,JAX,17,9,1,0,0.0,0,1,2,6,12,1,5,9.8,0,1,15,0,0,89.3,82.6,88.0,,,85.6,51.7,38.3,5,1,954,65,436,243,0,0,98,74,0,2,5,0.56,0.2,2.19,1
Nate Carter,147376,HB,ATL,4,9,1,0,0.0,0,0,60,0,0,1,33,40.7,2,3,2,1,2,20.8,60.9,71.5,,,,60.4,60.0,12,0,0,0,0,12,0,0,0,9,0,60,33,3.67,6.7,,7
Jonnu Smith,11855,TE,PIT,18,9,3,1,28.6,20,1,70,2,7,3,51,115.6,3,3,25,1,1,36.7,46.8,26.2,,51.8,49.4,68.0,45.2,20,6,221,40,318,206,0,0,57,49,1,70,51,5.67,7.8,0.69,3
Jimmy Horn Jr.,144483,WR,CAR,14,8,2,1,36.2,25,0,69,2,2,2,28,73.7,2,3,5,0,0,75.8,61.3,82.9,,,60.0,64.1,58.1,25,0,108,11,97,65,0,0,15,19,0,69,28,3.5,8.6,1.11,0
Luther Burden III,157170,WR,CHI,17,8,4,1,45.5,15,0,33,6,14,4,35,129.1,2,3,6,0,1,82.5,76.7,86.8,,,77.7,57.2,53.9,15,0,718,53,307,173,0,0,72,61,0,33,35,4.38,4.1,2.34,0
Quinn Ewers,127253,QB,MIA,4,8,1,0,0.0,0,0,-2,0,0,0,4,0.0,0,1,17,3,0,29.5,39.7,35.2,40.5,,,55.1,60.0,9,2,-6,1,0,79,21,3,1,6,0,19,9,1.13,2.4,,0
Tyler Badie,83714,HB,DEN,17,8,1,0,0.0,0,0,23,4,2,1,19,25.4,0,1,10,0,1,82.4,58.6,21.4,,81.1,49.0,63.2,58.6,7,1,148,20,144,15,0,0,30,28,0,23,19,2.38,2.9,1.03,6
Tanner McKee,131770,QB,PHI,4,8,0,0,0.0,0,0,-4,0,0,0,0,0.0,0,1,24,0,0,81.2,61.2,80.1,60.7,,,58.8,60.0,9,0,0,0,0,39,12,3,0,5,0,8,11,1.38,1.0,,0
Tez Johnson,123709,WR,TB,16,7,0,0,0.0,0,0,22,1,6,0,11,26.9,0,0,30,0,0,77.5,63.5,68.8,,62.4,64.3,50.9,58.2,6,1,322,28,297,178,0,0,42,35,0,22,11,1.57,3.1,1.08,0
Dylan Laube,88664,HB,LV,5,7,0,0,0.0,0,0,9,0,1,0,11,15.7,0,0,23,0,2,42.8,44.2,76.3,,2.8,68.1,45.5,60.0,3,0,18,3,15,9,0,0,3,10,0,9,11,1.57,1.3,1.2,5
Harold Fannin Jr.,163104,TE,CLV,16,7,4,0,0.0,0,0,13,5,22,4,9,42.3,0,2,8,1,2,53.1,67.9,43.7,,54.1,76.4,37.1,49.8,4,6,731,72,436,293,0,0,104,79,1,13,9,1.29,1.9,1.68,0
Jaxon Smith-Njigba,129758,WR,SEA,18,7,2,0,0.0,0,1,36,3,18,2,24,53.2,3,2,29,3,1,29.1,92.8,53.4,,,93.1,62.1,66.9,11,4,1812,122,512,323,0,0,161,129,0,36,24,3.43,5.1,3.54,1
Clyde Edwards-Helaire,57279,HB,KC,2,7,1,0,0.0,0,0,13,0,1,1,15,47.6,0,1,16,0,4,72.3,58.7,72.4,,,62.0,57.9,60.0,7,0,9,2,7,9,0,0,2,9,0,13,15,2.14,1.9,1.29,3
Mason Rudolph,46569,QB,PIT,6,7,1,0,0.0,0,0,3,0,0,0,1,0.0,0,2,25,1,0,42.8,52.8,12.6,50.5,,,69.1,60.4,3,1,0,0,0,58,3,1,0,6,0,6,7,1.0,0.9,,0
Jameis Winston,9434,QB,NYG,3,7,1,0,0.0,0,0,12,0,1,1,14,66.7,2,3,21,1,0,83.8,74.0,27.5,66.3,,99.3,72.2,60.3,11,1,33,1,1,79,11,1,1,7,1,23,14,2.0,3.3,33.0,2
Greg Dortch,42237,WR,ARZ,12,7,2,0,0.0,0,0,15,2,12,2,14,77.8,0,1,1,0,4,63.6,62.3,52.4,,,61.4,74.4,45.6,9,1,206,29,215,66,0,0,33,36,1,15,14,2.0,2.1,0.96,0
Cade Stover,101486,TE,HST,11,7,0,0,0.0,0,0,13,2,1,0,9,5.8,0,5,13,0,0,76.4,55.0,69.0,,56.7,52.6,78.9,49.8,4,2,91,15,105,216,0,0,21,22,0,13,9,1.29,1.9,0.87,0
Demario Douglas,104155,WR,NE,19,7,0,0,0.0,0,0,21,2,4,0,8,11.1,1,2,19,0,0,79.2,76.7,84.6,,,78.1,51.2,51.9,14,0,486,34,257,52,0,0,47,41,0,21,8,1.14,3.0,1.89,0
Max Brosmer,105568,QB,MIN,7,7,0,0,0.0,0,0,-5,0,0,0,0,0.0,1,1,18,2,0,27.7,28.0,82.9,27.4,,,62.3,60.3,11,0,0,0,0,85,16,2,0,5,0,11,0,0.0,1.6,,0
Rasheen Ali,121717,HB,BLT,10,7,1,0,0.0,0,0,24,1,2,1,12,32.1,0,1,3,0,2,84.0,58.3,85.8,,31.0,58.2,62.5,70.8,9,0,68,9,73,18,0,0,11,16,0,24,12,1.71,3.4,0.93,5
Jaylin Noel,125155,WR,HST,19,6,0,0,0.0,0,0,12,1,0,0,6,0.0,0,0,13,0,1,90.7,68.2,83.8,,,69.0,60.3,47.0,5,0,292,26,209,95,0,0,35,32,0,12,6,1.0,2.0,1.4,0
Dyami Brown,77986,WR,JAX,14,6,0,0,0.0,0,0,30,4,3,0,12,23.1,0,2,15,1,0,27.9,55.5,86.0,,,58.0,44.2,45.1,9,2,227,20,205,136,0,0,37,26,0,30,12,2.0,5.0,1.11,1
Elijah Moore,84302,WR,DEN,9,6,2,0,0.0,0,0,24,1,2,2,13,57.8,1,3,10,0,0,74.5,63.0,83.2,,,60.4,61.8,74.6,11,0,112,9,108,73,0,0,17,15,1,24,13,2.17,4.0,1.04,0
Gardner Minshew,41401,QB,KC,4,6,1,0,0.0,0,0,-6,0,0,0,0,0.0,0,0,16,0,0,75.7,33.4,0.0,33.6,,,58.3,60.0,8,1,0,0,0,26,8,1,0,5,0,2,0,0.0,0.3,,0
Tyler Warren,129798,TE,IND,17,6,0,0,0.0,0,1,8,5,5,0,11,11.2,0,3,14,1,1,54.3,67.6,83.6,60.0,64.2,72.0,45.1,50.7,3,4,817,76,502,323,0,0,106,82,1,8,11,1.83,1.3,1.63,1
Jameson Williams,101701,WR,DET,17,6,4,0,0.0,0,0,12,9,12,4,25,93.9,0,0,11,0,0,81.8,75.6,47.7,,,76.7,48.0,67.2,9,5,1117,65,601,367,0,0,97,71,0,12,25,4.17,2.0,1.86,0
Riley Leonard,143862,QB,IND,5,6,2,0,0.0,0,0,1,0,0,1,4,44.4,1,4,14,2,0,49.0,65.5,81.6,61.8,,,74.0,60.0,11,0,-3,0,0,51,26,3,0,3,2,27,4,0.67,4.5,,2
Drew Lock,39517,QB,SEA,6,6,0,0,0.0,0,0,-5,0,0,0,0,0.0,0,0,29,2,0,14.2,27.9,77.6,43.5,,,29.4,60.0,0,0,0,0,0,41,0,0,0,6,0,-5,0,0.0,-0.8,,2
Jordan James,163295,HB,SF,2,6,0,0,0.0,0,0,28,0,0,0,15,0.0,0,1,28,0,0,71.1,75.1,71.4,,65.8,58.3,75.0,60.0,7,0,7,1,6,10,0,0,1,7,0,28,15,2.5,4.7,1.17,5
Clayton Tune,77652,QB,GB,2,5,1,0,0.0,0,0,6,0,0,0,1,0.0,1,2,12,1,0,76.6,37.7,78.6,29.5,,,65.1,60.0,16,0,0,0,0,36,17,2,0,3,0,23,2,0.4,4.6,,2
Rashee Rice,97605,WR,KC,8,5,0,0,0.0,0,0,20,6,8,0,19,52.4,0,2,16,2,2,25.6,76.4,86.8,,65.2,77.2,41.8,65.4,7,2,571,53,265,127,0,0,77,58,1,20,19,3.8,4.0,2.15,1
Troy Franklin,146567,WR,DEN,18,5,1,0,0.0,0,2,12,8,9,1,20,57.1,1,2,10,1,0,48.9,62.3,44.9,,,63.6,63.4,43.1,11,5,709,65,498,156,0,0,102,70,0,12,20,4.0,2.4,1.42,1
Bo Melton,61610,WR,GB,13,5,0,1,48.6,17,1,35,2,0,0,10,0.0,2,2,12,0,1,80.9,62.6,80.4,,68.8,60.5,57.4,77.0,17,1,107,4,50,43,0,0,11,9,0,35,10,2.0,7.0,2.14,0
Chris Oladokun,40364,QB,KC,3,5,2,0,0.0,0,0,0,0,0,1,1,100.0,0,0,16,4,0,18.6,41.4,81.1,45.4,,,39.5,60.0,7,1,0,0,0,38,18,4,0,1,0,18,7,1.4,3.6,,1
Cam Akers,57206,HB,SEA,3,5,0,0,0.0,0,0,19,1,0,0,24,0.0,1,1,29,0,4,72.5,58.3,73.1,70.7,,28.1,64.2,,14,0,0,0,3,5,0,0,1,5,0,19,24,4.8,3.8,0.0,1
Joe Milton III,82151,QB,DAL,4,5,1,1,46.0,23,0,28,0,0,0,11,0.0,2,1,9,1,0,26.6,52.7,78.0,52.7,,,57.4,60.0,23,0,0,0,0,21,22,3,0,2,0,50,31,6.2,10.0,,2
Andy Dalton,6187,QB,CAR,4,5,0,0,0.0,0,0,-3,0,0,0,0,0.0,0,0,5,2,0,23.8,55.0,80.5,59.6,,,35.1,60.3,1,0,0,0,0,47,1,1,0,4,0,-2,0,0.0,-0.4,,0
Jakobi Meyers,47468,WR,JAX,17,5,1,0,0.0,0,1,13,4,9,1,13,32.1,0,1,15,1,0,82.3,71.1,78.9,,36.3,73.2,48.8,44.3,4,4,847,76,557,331,0,0,111,81,0,13,13,2.6,2.6,1.52,1
Phil Mafah,144123,HB,DAL,1,5,0,0,0.0,0,0,18,0,1,0,17,48.6,0,2,9,0,3,70.9,71.7,71.7,,,79.9,67.6,59.4,8,0,11,2,3,7,0,0,2,7,1,18,17,3.4,3.6,3.67,2
Jacardia Wright,99250,HB,SEA,1,5,1,0,0.0,0,0,20,0,0,1,11,44.0,1,1,29,0,1,69.7,68.3,68.0,,,,66.3,,10,0,0,0,0,5,0,0,0,5,0,20,11,2.2,4.0,,4
Isaiah Bond,163586,WR,CLV,16,5,2,0,0.0,0,1,29,1,1,2,27,70.4,0,1,8,0,0,77.5,57.1,67.6,,,57.3,61.8,49.3,9,1,338,18,344,127,0,0,42,23,0,29,27,5.4,5.8,0.98,0
Brittain Brown,40399,HB,CHI,2,5,3,1,59.5,22,0,37,0,0,3,26,312.0,1,2,6,0,3,71.0,66.5,74.2,,,52.1,69.3,60.0,22,0,0,0,9,6,0,0,1,5,1,37,26,5.2,7.4,0.0,2
Kenny Pickett,60515,QB,LV,6,5,1,0,0.0,0,0,-1,0,0,1,3,75.0,0,3,23,1,0,39.2,48.4,79.7,47.3,,,60.4,60.0,9,0,0,0,0,22,23,3,0,2,0,22,5,1.0,4.4,,2
Olamide Zaccheaus,44920,WR,CHI,18,4,1,0,0.0,0,0,25,6,3,1,10,22.2,1,1,6,0,0,79.0,55.7,87.9,,76.5,56.3,60.8,43.5,12,1,330,41,357,232,0,0,67,45,0,25,10,2.5,6.3,0.92,0
Jayden Reed,78171,WR,GB,8,4,0,1,35.7,15,0,42,2,4,0,16,59.3,2,2,12,0,0,77.5,70.2,45.6,,65.9,70.9,66.8,49.9,15,1,250,23,150,61,0,0,29,27,0,42,16,4.0,10.5,1.67,0
Sterling Shepard,10674,WR,TB,13,4,0,0,0.0,0,0,19,1,5,0,9,26.2,1,1,30,1,0,32.0,61.6,47.9,,78.1,62.8,66.8,38.0,11,2,371,39,352,113,0,0,53,43,0,19,9,2.25,4.8,1.05,0
Mason Tipton,109617,WR,NO,13,4,0,0,0.0,0,0,18,0,1,0,16,26.7,2,2,20,1,0,28.1,53.7,84.5,,,54.2,40.7,68.9,12,0,76,11,177,111,0,0,17,15,0,18,16,4.0,4.5,0.43,0
Anthony Richardson,124393,QB,IND,2,4,0,0,0.0,0,0,-1,0,0,0,1,0.0,0,1,14,0,0,70.1,72.4,73.5,65.9,,,66.7,60.0,2,0,9,1,0,12,0,0,1,5,0,-1,1,0.25,-0.3,,0
Arian Smith,124039,WR,NYJ,16,4,0,0,0.0,0,1,13,0,1,0,5,11.4,1,1,22,0,0,74.2,48.4,39.1,,65.6,48.8,61.5,54.2,13,2,52,7,245,120,0,0,15,11,0,13,5,1.25,3.3,0.21,0
Jordan Whittington,97623,WR,LA,17,4,0,0,0.0,0,1,12,0,2,0,5,10.4,0,0,26,0,0,82.1,55.7,66.9,,43.2,58.4,30.2,60.4,6,2,206,20,240,226,0,0,25,24,0,12,5,1.25,3.0,0.86,0
Josh Williams,99171,HB,TB,2,4,0,0,0.0,0,0,11,0,0,0,10,0.0,0,0,30,0,1,74.5,50.0,72.0,,,59.7,51.9,58.6,4,0,0,0,1,7,0,0,0,4,0,11,10,2.5,2.8,0.0,3
Ryan Flournoy,159617,WR,DAL,15,4,0,0,0.0,0,1,25,1,7,0,7,27.8,2,2,9,0,0,79.1,80.3,87.4,,,78.8,61.8,74.3,12,1,475,40,273,187,0,0,53,44,0,25,7,1.75,6.3,1.74,0
Cooper Rush,12324,QB,BLT,4,4,0,0,0.0,0,0,-4,0,0,0,0,0.0,0,0,3,1,0,81.7,59.3,81.3,59.8,,,52.9,60.2,0,0,0,0,0,58,0,0,0,4,0,-4,0,0.0,-1.0,,0
Ja'Marr Chase,84270,WR,CIN,16,3,0,0,0.0,0,2,14,6,23,0,4,24.0,0,0,7,1,0,63.4,90.1,80.7,,,90.1,59.5,65.6,9,2,1412,125,632,318,0,0,182,128,0,14,4,1.33,4.7,2.23,0
Amon-Ra St. Brown,84470,WR,DET,17,3,0,0,0.0,0,0,9,5,16,0,12,53.3,0,1,11,1,2,69.9,90.7,89.7,,79.0,90.6,60.1,70.0,6,1,1401,117,566,346,0,0,162,120,0,9,12,4.0,3.0,2.48,0
Zach Wilson,82096,QB,MIA,4,3,0,0,0.0,0,0,-2,0,0,0,0,0.0,0,0,17,0,0,73.5,49.1,75.6,49.1,,,57.9,60.0,3,0,0,0,0,14,3,1,0,2,0,1,0,0.0,0.3,,0
Teddy Bridgewater,8667,QB,TB,4,3,0,0,0.0,0,0,-2,0,0,0,0,0.0,0,0,30,0,0,75.8,43.8,76.7,44.0,,,57.5,60.0,6,0,0,0,0,15,6,1,0,2,0,4,15,5.0,1.3,,0
Ashton Dulin,91479,WR,IND,12,3,3,2,84.1,37,0,44,0,1,3,32,533.3,2,2,14,0,0,80.0,62.8,83.3,,65.7,61.5,80.8,41.6,22,0,106,5,74,83,0,0,10,8,0,44,32,10.67,14.7,1.43,0
Craig Reynolds,94383,HB,DET,2,3,0,0,0.0,0,0,4,0,0,0,3,0.0,0,0,11,0,0,73.5,48.3,68.1,,,,51.9,60.0,3,0,0,0,0,4,0,0,0,3,0,4,3,1.0,1.3,,3
Skyy Moore,97116,WR,SF,16,3,1,0,0.0,0,0,14,0,2,1,11,137.5,1,1,28,0,0,90.1,63.6,81.6,,,62.3,62.8,62.6,10,0,87,5,79,46,0,0,8,8,0,14,11,3.67,4.7,1.1,0
Isaiah Williams,97156,WR,NYJ,11,3,0,1,73.5,25,0,34,1,2,0,8,18.4,1,1,22,0,1,67.6,61.4,56.5,56.3,62.4,61.6,63.7,57.5,25,1,193,26,214,108,0,0,34,29,0,34,8,2.67,11.3,0.9,0
Jalen Milroe,146590,QB,SEA,3,3,0,0,0.0,0,0,4,0,0,0,4,0.0,0,0,29,1,1,14.7,26.4,68.2,,,,30.1,,3,0,0,0,0,3,0,0,0,3,0,4,4,1.33,1.3,,1
Brian Thomas Jr.,146760,WR,JAX,15,3,0,0,0.0,0,0,21,8,4,0,5,12.6,0,2,15,0,0,80.0,65.5,63.0,,,66.6,54.2,50.7,9,2,728,50,501,251,0,0,90,53,1,21,5,1.67,7.0,1.45,0
John Metchie III,97400,WR,NYJ,16,3,0,0,0.0,0,0,-5,4,1,0,8,7.4,0,0,22,0,0,79.9,57.6,87.4,,68.1,58.7,48.4,49.8,4,1,274,33,256,180,0,0,48,36,0,-5,8,2.67,-1.7,1.07,0
Owen Wright,57486,HB,TB,3,3,0,0,0.0,0,0,6,0,0,0,2,0.0,0,0,30,0,0,71.6,51.0,71.3,,73.0,60.0,52.8,60.0,4,0,0,0,1,5,0,0,0,3,0,6,2,0.67,2.0,0.0,3
DeeJay Dallas,55632,HB,JAX,3,3,0,1,81.0,17,0,21,1,0,0,6,0.0,1,1,15,0,1,79.5,44.1,75.4,,22.8,30.9,62.2,60.0,17,0,0,0,13,9,0,0,1,3,0,21,6,2.0,7.0,0.0,2
Myles Gaskin,45914,HB,SEA,1,3,0,0,0.0,0,0,6,0,0,0,6,0.0,0,0,29,0,1,67.2,49.8,65.5,,,,52.4,,3,0,0,0,0,3,0,0,0,3,0,6,6,2.0,2.0,,2
Wan'Dale Robinson,101735,WR,NYG,16,3,0,0,0.0,0,1,5,3,16,0,6,33.7,0,1,21,1,1,32.0,70.2,79.1,,39.6,69.8,54.9,67.1,3,4,1014,92,541,385,0,0,131,95,0,5,6,2.0,1.7,1.87,0
Andrei Iosivas,109811,WR,CIN,17,3,0,0,0.0,0,0,14,5,2,0,6,11.1,0,0,7,0,0,77.9,53.7,87.7,,74.8,53.8,46.6,53.4,5,1,435,33,552,267,0,0,56,36,0,14,6,2.0,4.7,0.79,0
Kyle Allen,26152,QB,DET,3,3,0,0,0.0,0,0,-3,0,0,0,0,0.0,0,0,11,0,0,69.1,73.7,73.9,73.0,,,60.5,60.0,-1,0,0,0,0,14,0,0,0,3,0,-3,0,0.0,-1.0,,0
Xavier Hutchinson,122518,WR,HST,19,3,5,0,0.0,0,1,13,2,3,3,11,76.7,0,2,13,0,0,78.8,63.6,75.7,,74.2,62.3,75.0,60.5,9,3,493,41,471,270,9,1,71,43,0,22,19,6.33,7.3,1.05,0
C.J. Ham,11347,FB,MIN,11,3,0,0,0.0,0,0,5,0,0,0,4,0.0,0,2,18,0,1,69.0,61.4,85.6,,72.5,51.9,69.2,57.1,3,0,11,2,53,88,0,0,2,5,2,5,4,1.33,1.7,0.21,0
Kalel Mullings,129590,HB,TEN,4,3,0,0,0.0,0,0,7,0,0,0,8,0.0,0,2,31,0,3,67.2,65.8,71.2,,77.0,57.0,64.4,60.0,4,0,0,0,3,7,0,0,0,3,0,7,8,2.67,2.3,0.0,0
Kyle Juszczyk,7912,FB,SF,19,3,0,0,0.0,0,0,-6,0,2,0,1,2.1,0,0,28,1,0,77.5,64.7,90.6,,84.3,66.2,57.9,56.0,-1,1,273,29,242,295,0,0,33,32,0,-6,1,0.33,-2.0,1.13,1
Tyson Bagent,169628,QB,CHI,3,2,0,0,0.0,0,0,0,0,0,0,1,0.0,0,0,6,1,0,68.0,60.3,73.6,62.3,,,58.3,60.0,7,0,0,0,0,9,7,1,0,1,0,7,1,0.5,3.5,,0
Kalif Raymond,11028,WR,DET,15,2,1,0,0.0,0,0,19,1,2,1,17,98.1,1,1,11,0,0,88.8,70.0,85.5,,,68.5,68.1,65.3,10,1,289,24,217,135,0,0,28,26,0,19,17,8.5,9.5,1.33,0
Alec Ingold,34934,FB,MIA,17,2,1,0,0.0,0,1,9,1,0,1,7,35.0,0,1,17,0,0,71.5,50.1,87.6,,68.7,46.0,59.7,50.3,6,2,52,8,122,192,0,0,11,10,0,9,7,3.5,4.5,0.43,0
Feleipe Franks,40217,TE,ATL,7,2,0,0,0.0,0,0,4,0,0,0,1,0.0,0,2,2,0,0,65.2,80.1,74.2,,,,70.6,60.9,2,0,0,0,0,15,0,0,0,2,0,4,1,0.5,2.0,,0
Reggie Gilliam,40951,FB,BUF,19,2,0,0,0.0,0,0,4,0,0,0,3,0.0,0,1,4,0,0,67.8,72.4,86.3,,89.5,52.3,61.3,75.1,5,0,24,2,36,191,0,0,2,4,0,4,3,1.5,2.0,0.67,0
D.K. Metcalf,47864,WR,PIT,16,2,0,0,0.0,0,0,12,6,11,0,2,17.5,0,1,25,0,0,81.2,71.1,39.6,,,73.1,56.6,49.4,6,8,892,61,501,295,0,0,103,63,1,12,2,1.0,6.0,1.78,0
Nyheim Miller-Hines,48103,HB,NO,4,2,0,0,0.0,0,0,-2,0,0,0,2,0.0,0,0,20,0,2,75.3,51.6,71.7,,72.4,56.4,53.9,,1,0,0,0,4,2,0,0,0,2,0,-2,2,1.0,-1.0,0.0,0
Justin Jefferson,61398,WR,MIN,17,2,0,0,0.0,0,0,7,5,13,0,4,30.2,0,0,18,0,0,82.7,80.5,79.8,59.2,69.0,80.2,,66.3,4,1,1048,84,556,349,0,0,140,86,0,7,4,2.0,3.5,1.88,0
Nico Collins,61441,WR,HST,16,2,0,0,0.0,0,1,15,1,6,0,8,31.6,0,1,13,1,0,51.3,85.9,76.8,,68.1,85.5,68.5,58.4,8,3,1138,74,502,271,0,0,124,76,1,15,8,4.0,7.5,2.27,0
Derius Davis,78196,WR,LAC,11,2,2,0,0.0,0,0,5,0,1,2,7,262.5,0,0,27,0,0,54.8,52.2,80.1,,,54.0,53.0,53.6,3,0,10,2,58,28,0,0,3,4,0,5,7,3.5,2.5,0.17,0
Jaylen Waddle,84088,WR,MIA,16,2,0,1,75.0,21,2,28,3,9,0,3,20.5,1,1,17,1,0,48.0,84.0,75.5,60.3,,85.1,68.1,48.9,21,2,910,64,416,279,0,0,99,66,0,28,3,1.5,14.0,2.19,0
Jalen Nailor,84292,WR,MIN,17,2,1,1,115.4,15,0,13,1,3,1,13,83.9,1,1,18,0,0,77.8,66.3,71.8,,66.4,67.1,61.5,51.7,15,3,444,29,419,202,0,0,49,31,0,13,13,6.5,6.5,1.06,0
Jacob Saylors,87559,HB,DET,4,2,1,0,0.0,0,0,11,0,0,1,8,200.0,0,1,11,0,1,83.5,67.4,69.7,,,,64.0,59.8,9,0,0,0,0,9,0,0,0,2,0,11,8,4.0,5.5,,1
Roschon Johnson,99467,HB,CHI,2,2,0,0,0.0,0,0,17,0,0,0,5,0.0,1,1,6,0,1,67.7,68.9,67.6,,,59.9,67.0,60.0,11,0,0,0,1,3,0,0,0,2,0,17,5,2.5,8.5,0.0,1
Ricky Pearsall,100660,WR,SF,10,2,1,0,0.0,0,0,-2,1,0,1,6,7.9,0,0,28,0,0,77.9,71.6,69.0,,,73.2,54.4,47.9,2,1,528,36,314,191,0,0,53,38,0,-2,6,3.0,-1.0,1.68,0
Tre Harris,122676,WR,LAC,18,2,0,0,0.0,0,0,10,1,5,0,11,80.9,0,0,27,0,0,77.3,63.3,72.3,,67.7,66.6,50.5,39.7,7,2,344,32,319,260,0,0,46,34,0,10,11,5.5,5.0,1.08,0
Josh Downs,122832,WR,IND,16,2,0,0,0.0,0,0,-2,3,7,0,2,11.7,0,0,14,0,0,83.5,77.1,71.0,,,77.4,56.6,61.9,3,1,566,58,379,190,0,0,84,60,0,-2,2,1.0,-1.0,1.49,0
Jordan Addison,123000,WR,MIN,14,2,0,2,100.0,81,0,81,7,3,0,13,44.3,2,2,18,0,0,78.7,65.4,88.7,,,62.2,91.2,66.9,65,0,610,42,447,241,0,0,74,44,1,81,13,6.5,40.5,1.36,0
Quentin Johnston,123085,WR,LAC,15,2,0,0,0.0,0,0,7,4,12,0,1,10.7,0,0,27,1,0,40.9,66.8,76.3,,,66.9,63.0,51.8,9,1,755,54,525,219,0,0,83,56,0,7,1,0.5,3.5,1.44,1
Ke'Shawn Williams,123406,WR,CIN,7,2,0,0,0.0,0,0,10,0,0,0,7,0.0,0,0,7,0,0,54.4,54.4,75.1,,,53.9,60.1,60.4,9,0,5,1,13,10,0,0,1,3,0,10,7,3.5,5.0,0.38,0
Kendall Milton,124031,HB,CIN,1,2,0,0,0.0,0,0,2,0,0,0,2,0.0,0,0,7,0,0,67.2,47.7,68.1,,,,51.3,60.0,2,0,0,0,0,4,0,0,0,2,0,2,2,1.0,1.0,,2
Kyle Williams,128374,WR,NE,19,2,0,0,0.0,0,0,3,2,0,0,9,0.0,0,0,19,0,0,78.8,60.8,61.5,,65.7,59.8,56.7,72.0,5,1,216,11,202,162,0,0,25,13,0,3,9,4.5,1.5,1.07,0
Emeka Egbuka,145055,WR,TB,17,2,0,0,0.0,0,1,9,8,7,0,1,5.4,0,0,30,0,0,81.3,67.3,66.4,,65.7,68.5,53.3,50.7,9,4,938,63,536,304,0,0,126,65,0,9,1,0.5,4.5,1.75,0
Brock Bowers,146715,TE,LV,12,2,0,0,0.0,0,0,2,3,4,0,3,9.1,0,0,23,0,0,81.1,78.8,91.0,,79.2,82.2,48.5,50.6,6,0,680,64,400,169,0,0,83,66,0,2,3,1.5,1.0,1.7,0
Amar Johnson,148220,HB,LAC,1,2,0,0,0.0,0,0,8,0,0,0,6,0.0,0,0,27,0,1,65.2,62.6,68.9,,,58.5,62.3,,6,0,0,0,2,2,0,0,0,2,0,8,6,3.0,4.0,0.0,0
Kameron Johnson,165866,WR,TB,14,2,1,0,0.0,0,0,13,1,0,1,5,41.7,1,1,30,0,1,90.0,56.1,80.8,,,55.8,59.7,55.6,11,0,64,4,43,61,0,0,7,6,0,13,5,2.5,6.5,1.49,0
Philip Rivers,1725,QB,IND,3,2,0,0,0.0,0,0,-1,0,0,0,5,0.0,0,0,14,2,0,55.4,51.0,82.8,50.5,,,59.6,60.0,0,2,0,0,0,71,0,0,0,2,0,-1,5,2.5,-0.5,,1
Xavier Legette,99197,WR,CAR,16,1,0,0,,0,2,0,1,6,0,2,32.4,0,0,5,1,0,29.5,52.0,29.0,,,54.0,56.6,48.5,0,9,371,36,424,217,0,0,63,37,0,0,2,2.0,0.0,0.88,0
Ulysses Bentley IV,97200,HB,IND,1,1,0,0,,0,0,0,0,0,0,1,0.0,0,0,14,0,0,61.9,55.5,66.4,,,59.9,58.5,,0,0,0,0,1,1,0,0,0,1,0,0,1,1.0,0.0,0.0,1
Deven Thompkins,84480,WR,ATL,4,1,0,0,0.0,0,0,5,0,0,0,2,0.0,0,0,2,0,0,80.9,66.7,75.5,,,66.6,62.8,43.7,5,1,27,3,9,13,0,0,3,4,0,5,2,2.0,5.0,3.0,0
Chris Olave,84355,WR,NO,16,1,0,0,0.0,0,3,-3,4,6,0,0,0.0,0,0,20,0,0,83.7,78.0,32.0,53.5,,79.7,,57.6,-3,7,1163,100,587,262,0,0,151,101,0,-3,0,0.0,-3.0,1.98,0
Nikko Remigio,84150,WR,KC,9,1,0,0,0.0,0,0,11,0,0,0,5,0.0,1,1,16,0,0,89.6,72.0,76.3,,,66.7,63.4,59.5,11,0,21,1,8,22,0,0,1,2,0,11,5,5.0,11.0,2.63,0
Khalil Shakir,84140,WR,BUF,18,1,0,0,0.0,0,0,5,5,25,0,1,27.2,0,0,4,1,0,65.9,74.3,60.8,,38.8,74.3,,66.4,5,2,876,91,486,211,0,0,112,92,0,5,1,1.0,5.0,1.8,0
Shedrick Jackson,84136,WR,LV,5,1,0,0,0.0,0,0,3,0,0,0,2,0.0,0,0,23,0,0,68.3,73.8,76.4,,,73.4,59.7,59.8,3,0,56,4,18,4,0,0,5,5,0,3,2,2.0,3.0,3.11,1
Greg Dulcich,84068,TE,MIA,10,1,0,0,0.0,0,0,-7,0,4,0,0,0.0,0,0,17,1,0,26.4,77.4,85.6,,28.3,80.6,,57.4,-7,0,335,26,145,89,0,0,31,27,0,-7,0,0.0,-7.0,2.31,0
Adrian Martinez,83522,QB,NYJ,1,1,0,0,0.0,0,0,-1,0,0,0,0,0.0,0,0,22,0,0,61.9,60.0,64.6,,,,60.0,,-1,0,0,0,0,1,0,0,0,1,0,-1,0,0.0,-1.0,,0
Chris Moore,10741,WR,WAS,14,1,0,0,0.0,0,1,9,3,0,0,2,0.0,0,0,32,0,0,75.6,55.9,87.5,,,57.3,,38.9,9,1,207,11,232,172,0,0,21,12,0,9,2,2.0,9.0,0.89,0
Christian Watson,66581,WR,GB,11,1,0,0,0.0,0,0,3,1,0,0,0,0.0,0,0,12,1,0,29.6,82.7,67.7,,65.5,83.9,56.6,60.3,3,1,647,38,284,176,0,0,62,39,0,3,0,0.0,3.0,2.28,0
Jamie Gillan,63303,P,NYG,1,1,0,0,0.0,0,0,-13,0,0,0,-1,0.0,0,0,21,0,0,61.9,60.0,60.5,,,,60.0,,-13,0,0,0,0,1,0,0,0,1,0,-13,-1,-1.0,-13.0,,0
CeeDee Lamb,61570,WR,DAL,14,1,0,0,0.0,0,2,2,8,10,0,1,13.2,0,0,9,0,0,82.2,77.6,32.7,,,79.0,55.4,59.8,2,6,1077,75,455,234,0,0,114,76,0,2,1,1.0,2.0,2.37,0
Terrance Ferguson,146563,TE,LA,14,1,0,0,,0,0,0,1,0,0,1,0.0,0,0,26,0,0,72.9,67.5,70.1,,74.0,63.9,60.0,72.7,0,2,250,12,186,175,0,0,30,13,0,0,1,1.0,0.0,1.34,0
Jerry Jeudy,61103,WR,CLV,17,1,0,0,0.0,0,1,5,9,3,0,2,11.8,0,1,8,1,0,30.0,58.5,67.9,,,57.9,63.1,62.0,5,3,602,50,591,293,0,0,103,51,0,5,2,2.0,5.0,1.02,0
Jake Ferguson,61081,TE,DAL,17,1,1,0,0.0,0,2,1,4,9,1,2,24.1,0,0,9,3,0,24.1,59.4,61.5,,52.1,60.0,,57.6,1,5,600,82,498,205,0,0,100,83,0,1,2,2.0,1.0,1.2,0
Cole Kmet,60995,TE,CHI,18,1,0,0,0.0,0,0,0,2,2,0,,6.1,0,0,6,0,0,77.6,63.0,65.7,70.7,71.7,61.1,56.3,62.2,1,3,378,33,392,376,1,1,50,33,0,1,1,1.0,1.0,0.96,0
Adonai Mitchell,146712,WR,NYJ,16,1,0,0,0.0,0,0,-4,6,2,0,1,5.9,0,0,22,1,0,26.3,59.7,87.2,,,59.9,56.6,52.1,-4,1,453,33,310,174,0,0,71,34,0,-4,1,1.0,-4.0,1.46,0
Darren Waller,9637,TE,MIA,9,1,0,0,0.0,0,0,4,0,0,0,3,0.0,0,1,17,0,0,76.3,82.8,53.4,,62.4,87.6,56.9,36.8,4,1,283,24,162,62,0,0,34,25,0,4,3,3.0,4.0,1.75,0
Isaiah Pola-Mao,60781,S,LV,1,1,0,0,0.0,0,0,3,0,0,0,4,0.0,0,0,23,0,0,61.9,55.9,60.4,,,,57.0,,3,3,0,0,0,1,0,0,0,1,0,3,4,4.0,3.0,,0
Aidan O'Connell,60516,QB,LV,1,1,0,0,0.0,0,0,0,0,0,0,,100.0,0,0,23,0,0,76.3,65.7,78.2,66.9,,,55.7,60.0,7,0,0,0,0,26,7,1,0,0,0,7,14,14.0,7.0,,0
Malik Cunningham,60436,WR,DET,1,1,0,0,0.0,0,0,1,0,0,0,2,0.0,0,0,11,0,0,61.9,53.5,64.6,,,,56.7,,1,0,0,0,0,1,0,0,0,1,0,1,2,2.0,1.0,,1
Grant Stuard,55933,LB,DET,1,1,0,0,,0,0,0,0,0,0,1,0.0,0,0,11,0,0,69.9,60.1,65.0,,,,60.0,,0,0,0,0,0,1,0,0,0,1,0,0,1,1.0,0.0,,0
Mitchell Evans,147486,TE,CAR,18,1,0,0,0.0,0,0,1,1,2,0,1,10.0,0,1,5,0,0,74.5,66.3,34.5,,66.7,64.8,62.6,67.1,1,4,171,19,144,246,0,0,22,20,0,1,1,1.0,1.0,1.19,0
Patrick Ricard,48862,FB,BLT,11,1,0,0,0.0,0,1,3,0,0,0,0,0.0,0,1,3,0,0,66.7,68.6,21.8,,51.2,62.2,65.6,70.4,3,2,8,1,28,195,0,0,1,2,0,3,0,0.0,3.0,0.29,0
Travis Kelce,7844,TE,KC,17,1,0,0,0.0,0,0,1,7,9,0,0,0.0,0,0,16,1,1,81.9,72.0,74.4,,57.9,74.0,60.4,53.8,1,3,851,76,577,260,0,0,103,77,0,1,0,0.0,1.0,1.47,0
Gage Larvadain,150169,WR,CLV,13,1,2,0,0.0,0,1,0,2,2,0,,28.6,0,0,8,0,0,54.0,50.6,39.3,,,52.3,57.9,49.8,3,2,71,7,130,49,3,1,13,7,0,3,16,16.0,3.0,0.55,0
Dallas Goedert,47272,TE,PHI,16,1,0,0,0.0,0,0,1,3,6,0,1,9.2,0,1,24,0,0,81.4,66.7,91.1,,64.2,69.1,62.0,50.6,1,0,624,64,466,338,0,0,85,65,1,1,1,1.0,1.0,1.34,0
Drew Sample,47259,TE,CIN,17,1,0,0,0.0,0,1,3,0,1,0,2,12.5,0,0,7,0,0,73.0,53.9,90.1,,67.8,45.9,,57.3,3,2,106,15,224,283,0,0,17,16,0,3,2,2.0,3.0,0.47,0
Brandon Aubrey,156112,K,DAL,1,1,0,0,0.0,0,0,6,0,0,0,0,0.0,0,1,9,0,0,61.9,70.4,60.5,,,,63.1,,6,0,0,0,0,1,0,0,0,1,0,6,0,0.0,6.0,,0
Tyler Conklin,47124,TE,LAC,10,1,0,0,0.0,0,1,2,2,2,0,2,50.0,0,1,27,1,0,19.3,43.3,51.3,,73.6,44.7,62.6,46.8,2,1,101,7,86,72,0,0,10,8,0,2,2,2.0,2.0,1.17,0
Andrew Beck,47121,FB,NYJ,17,1,0,0,0.0,0,0,5,1,0,0,2,0.0,0,1,22,0,0,69.8,66.1,83.8,,20.3,72.5,62.4,57.7,5,0,45,6,29,76,0,0,9,7,0,5,2,2.0,5.0,1.55,0
Travis Homer,45859,HB,CHI,2,1,0,0,0.0,0,0,-2,0,0,0,4,0.0,0,0,6,0,1,61.9,52.8,69.3,,75.0,56.0,56.7,,-2,0,0,0,4,1,0,0,0,1,0,-2,4,4.0,-2.0,0.0,0
Braden Mann,44664,P,PHI,1,1,0,0,0.0,0,0,-34,0,0,0,9,0.0,0,0,24,0,0,61.9,60.0,65.7,,,,60.0,,-34,0,0,0,0,1,0,0,0,1,0,-34,9,9.0,-34.0,,0
T.J. Hockenson,40912,TE,MIN,15,1,0,0,,0,0,0,4,5,0,0,0.0,0,0,18,0,0,79.5,61.2,61.5,,55.4,62.6,59.7,57.7,0,4,438,51,418,211,0,0,64,52,0,0,0,0.0,0.0,1.05,0
Jarrett Stidham,13725,QB,DEN,1,1,0,0,0.0,0,0,-1,0,0,0,0,0.0,0,0,10,0,0,61.9,60.0,69.2,,,,60.0,60.0,-1,0,0,0,0,4,0,0,0,1,0,-1,0,0.0,-1.0,,0
Shane Buechele,12659,QB,KC,1,1,0,0,0.0,0,0,0,0,0,0,,100.0,0,0,16,0,0,75.1,51.2,76.1,54.2,,,55.3,60.0,4,0,0,0,0,9,4,1,0,0,0,4,0,0.0,4.0,,0
David Moore,11981,WR,CAR,4,1,0,0,0.0,0,0,12,0,0,0,6,0.0,1,1,5,0,0,69.6,51.8,81.1,,65.4,49.5,63.1,54.5,12,0,5,1,38,39,0,0,1,2,0,12,6,6.0,12.0,0.13,0
George Kittle,11901,TE,SF,12,1,1,0,0.0,0,1,-3,2,5,1,3,30.5,0,0,28,0,0,80.3,90.7,87.1,,72.2,91.0,56.6,72.2,-3,1,634,58,300,228,0,0,68,59,0,-3,3,3.0,-3.0,2.11,0
Sione Vaki,158505,HB,DET,2,1,0,0,0.0,0,0,4,0,0,0,3,0.0,0,0,11,0,1,68.2,56.3,64.2,,,,59.0,60.0,4,0,0,0,0,2,0,0,0,1,0,4,3,3.0,4.0,,0
Colston Loveland,158540,TE,CHI,18,1,0,0,0.0,0,0,-2,2,7,0,0,0.0,0,0,6,0,0,81.6,84.0,56.4,,43.9,86.2,59.2,70.0,-2,5,906,70,461,305,0,0,106,71,0,-2,0,0.0,-2.0,1.97,0
Mack Hollins,11873,WR,NE,15,1,0,0,0.0,0,1,4,0,1,0,1,2.1,0,0,19,1,0,35.8,67.5,74.3,,72.2,68.9,56.2,55.3,4,2,550,46,343,293,0,0,64,47,0,4,1,1.0,4.0,1.6,0
Travis Hunter,160766,WR,JAX,7,1,0,0,,0,0,0,2,9,0,0,0.0,0,0,15,1,0,27.3,62.2,55.9,,,62.7,58.5,57.9,0,3,298,28,225,85,0,0,43,29,0,0,0,0.0,0.0,1.32,0
Evan Engram,11778,TE,DEN,17,1,0,0,0.0,0,0,7,4,5,0,1,9.6,0,0,10,0,0,79.7,56.0,73.9,,74.2,57.0,57.2,44.7,7,2,468,51,389,75,0,0,74,52,0,7,1,1.0,7.0,1.2,0
Demarcus Robinson,10760,WR,SF,16,1,0,0,0.0,0,0,6,2,3,0,1,10.0,0,0,28,0,0,76.7,68.1,86.8,,,67.1,56.6,68.9,6,0,388,29,308,160,0,0,39,30,0,6,1,1.0,6.0,1.26,0
Jalen McMillan,131905,WR,TB,4,1,0,0,0.0,0,0,1,2,1,0,1,7.7,0,0,30,0,0,72.5,66.3,82.8,,,67.5,59.2,50.5,1,0,178,12,83,52,0,0,15,13,0,1,1,1.0,1.0,2.14,0
Jaylin Lane,121811,WR,WAS,15,1,0,0,0.0,0,2,7,3,0,0,3,0.0,0,0,32,0,0,50.3,59.5,60.9,,,59.7,63.1,54.0,7,3,225,16,205,126,0,0,31,17,0,7,3,3.0,7.0,1.1,0
Rodney Thomas II,108389,S,IND,2,1,0,0,0.0,0,0,3,0,0,0,2,0.0,0,1,14,0,0,61.9,63.4,66.4,,,56.8,63.1,,3,0,0,0,1,1,0,0,0,1,0,3,2,2.0,3.0,0.0,0
Tucker Kraft,104034,TE,GB,8,1,0,0,0.0,0,0,3,3,6,0,1,18.2,0,0,12,0,0,77.2,78.1,71.9,,53.5,82.9,57.2,62.0,3,1,489,32,210,185,0,0,40,33,0,3,1,1.0,3.0,2.33,0
Dontayvion Wicks,99711,WR,GB,14,1,0,0,0.0,0,1,6,3,3,0,2,19.4,0,0,12,0,0,77.0,70.2,86.8,,79.4,71.2,,51.3,6,1,332,30,238,156,0,0,44,31,0,6,2,2.0,6.0,1.39,0
